Code,Chromosome,Telomere,Sequence
NC-060928,4,1,TTACAAACGGAACCAATACTTAGGAAATTGTCAAGATAATAAAGATTTTTTACGTGGCTTCATCACTCTGTACTCCGATGCGTAGCTTCCACGGGGAATCTAAGGGACAGCCAGACTTCCCAGAGTGGCACCTTCAACCTCCGCCTCACCGATGCAGGTGGGGCCACCTCTGTGACTCACAGGAGGAGACATCAACAATGGCCACAAAAATGGCACCTTTTGTCCCACCCAGCTCTGTGGGGGTTGCGAAATCTACGTCACTGGGCTGCGAGCAGGGACCCACAATAAGTCTCGCCGGCCATCACCCTGGGGGTCAGATGGGTGCTCCCTGGGGTTCAGCCAGCTACCGGGCACAGGCCTGGGGGCCAGTCGGGCTAGGACAAGAGTAGGCCTTGGCCCGGGGGGGTAGGCGGGACTCCTGGAGTGCCTTAGGGCTTGAGTTCGGTTTGCTATTTTGTCCCTGCAGCTTTAGAGGCGGAGGCAGGAATTCAGGAAAAGACGCTGAGCAAGCATCACAGCAGCTCCAACCCAGGGAGCGCCCTCAGATGGGGAGCCAGGGTGTGAGCCCCAAGACTCCAAGGATCTCGGAGGTTACATCGGCTGCCGGGCCGTCAGGGACCCCGAGGCCCAGTGCACAAGCGCAGGGAGTGGGCAGGCAGGGCACCCGTGGAGATGGGGTCGGACCCGGGCCTACTGCTGCCCGCTTGCTGTCCTTACACTGCTGCACCTGGGATTCCCATCTGAGACGACCGCCAGTGTCCAGGCCACTAGGAACGATGCTGCGGGCCTGAGGTTACTGATGCAATCCACTTCTGGCCCTCAATCTGATGTTCAGGGCTCACCGCCCTCATCAGACCAAGCTTGAAAGTGTGAAGAGGATGGTGGGAGGGGCAGCTGGAGACCTGGGGTCCCAAGGGCCAGCTGCAGATGGTGGCATCCTTCTGGCTCTTTCTGCAGAAA
CP068269,NA,1,CAATGGGCTCGCTGCAGAGTGTGAGGGGCGGTCGGTTGAAGTGATTACAAAGGAAGCCGGACTTCACTTTTGGGGGTGCTATGGACATGACCACAGTCTTCATTGTATGTGGTCATTTCACAGGTGCATACTTCTGTCGGAACTTACCAAACTATGCACTTTAAATTGGCAGTTTCTTGTATGTCTCATGCAGGCATGAGAGGGCTTACCTCTTGCCTTCTAGGTCACTTCTCACAAGTCCCCTCAGCACCTAACACGATACCCACCACTTATTTCTAGGTTATGTTAGTAATGTAACAAAGAATAATATTAAAAGCTAATGATTAATGTTTATACTAATGATTGATAATTGTGCATGATCATCTCTATATCCAATTGTATGATAACGATTCCTTTATTCTAACTATTTCCTCTATTAAACTGCTACTCACGATGTCCTTCAGTCTCTTGCCTCAGCACCTGGGTAATCCTTCACCCACACTTTCCAATCTGACTCTGGCATAACATTATAAGACAAAGAATAAATTCAAAATATTTTACCCCAAAACATGTTTCTATTACCCATAATTTTCTCAGACGCCTGAGGGCTGTGTCATGGACCATGGTCACTCATATTTCCAGAATGTAAATCTCTTTAAATATTTTACAGGTTTGACTTTGATCTTGACATCTGTATGTTCCACCCAGTGGCTATAATCTGTATGGCAAGGTGTGCTGAAGCCAGCCCAGGTTGGTGAGAACTGATTGTGCACATGTCTTCCAATTCCACACGGTGACGTCACCATAGTAGCGAAAATCGGCCACAAGGGTAATTACAATGTGAATACAAAACCACTCCGTC
CP086569,NA,1,ACGAAAGAGAGAGAGAAAGAGAGAGAGAAAGAGAGAGAGAAAGCAAGAGAGAAAGAGAGAGAGAAAGAGAGAGAGAAAGAGAGAGAGAAGAGAGAGAAAGAGAGAGAGAAAGAGAGAGAAAGAGAGAGAAAGAGAGAAAGAGAGGGAGAGAGAGAGCGGGAGAGAAAGAGAGAAAGAGAGGTAGATCAAGAAGAGAAAGAGAGAGAGAGAGAGAAAGAGAGAAAGAGAGAGAGAAAGAGAGAGAGAAAGAGAGAGAGAGAGAGAAAGAGAAAGAAAAGAGAGAAAAAGAGAAAGAGAGAGAGAAGAAAGAGAAGGAGAGAAGAGAGAAAGAGAGAGAAAGAGAGAGAGAAAGAGAGAGAGAAAGAGAGAGAGAAAGAGAGAGAGAAAGAGAATGAGAAAGAGAGAGAAAGAGAGAAAGAGAAAGAGGGAGAGAGAGAGAGGGAGAGAAAGAGAGAAAGAGAGTGCAAAGAGAGAGCAGAGAAAGGAGAGAGAGAGACAAAGAGGAGCCAGAGAGACAGAGAGACAAAGAGAGACAAAGAGAAAGAGAGAGAAAGAGTAAGAGAGAGAGAAAGAGAAAGAAAAAGAGAGAAAGAGAAAGAGGACAAGAGAAAGAGAGAAAGAGAAAGAGAGAAAAAGAGAGAAAAAAGCTAATTCAATTGGAAAAAAAAAGATATACCAATTATTATTTTTTTTTCTTCCAGAGCTCCTAAACGTTAACCTGAATCTTTCATGTTCTCCTCTTTGGTTCTCTGTTTGAATTAATTCCATCTGTGCTGCTATTTTCCCTCTCCTGAGTAAGGAAAGCTATTTCCTGTAATTAATTGGAAACTCCTAGGTTTGCTGACTTTTCTTGCAGCGACTTCGCAGAAGACAGCGTGTAGTCACACTCACAGCTACGATTTATTTATTTATTTATTATTTATTTATTTATGTATTTATTTAGAGACGGAGTCTCGCTCTGTCCTCCAGGCTGGAGTGTAGTGGTGTGATCTCAGCTCACTGCAGCACTCCAAACCTCGGGTTTACACTTCTCCTGCCTCAGCCTCCCGAGTAGCTGGTTACTACAGGCACCTGCCAACTATGCCTGGCTATTTTTTTGTATTTTTAGTAGGGAGATGGGGTTTCACCCTATTAGCCAGGATGGTCTCGATCTCGTGACCTCGTGATCCGCCCGCCTCGGCCTCCCAAAGTGCTGGGATGACAGGCGTGCGCCCCGAGCCGGCCAGCTATGTTATTATAGCCGAAGCACACAGAACAAAACGAACAAAGGGAAGATGCACATGAGAAATTTGGGAACCTAACTCCCGGTCTCGCAGAAAGAGTTAGCTACA
NC-060932,8,1,TGTATTCATCGAGCCCCCCACGCCCAACCCGCGCAGGCAGGACCCCGGGCTGCGGGGCTCGAAAGTCCCCCACAAGCTGCTGTCCGGGAACCCACGGCCGGGGGTGCCGCACGCCCACCGGAAGGCAGGGCTGGGACCGCGGACGCCAGGACTACCCCGGCCCCTCACCCGGGCTCCCCTCCGAACGTGGGCTCCTCGCGCGCCCCTGGGTTCCCCCGAATCAGCTGAGTCTGCGGCCCCTCAGGGACCCCATCCCCTCACCCGGGCTTCCCAGCCCCCTCGCCTGGGCGGCCCGCGCGCTCACCTGGGCTGCCCCTCAGCTGGGTTCCCGGCCCCTAACGGGCGCGCTCACCTGGGCTGCCCCCTGTCACCTGGGTTCCCGGCCTCACCGGGCAGCGGTTCCCTGAAGGCGCTCACCTGGGCTGCCACTCAGCCGGGCTCCCTGCGCTTGGCGCCGCCCCGCCCCTGCAGGACTCCCGGCAGTCACTGACCTCATTGCCGCCCAGTCACTGGCCGGTCAAACCACTGGCGACCGCGCACGCGCGCGCACGCGCGAGTCGCGAGCTGCCACCGGGGCTCGCTACGAGCCCCCGCCTAGGCACTACGACGGCGGCGGGCGCCGGAGGGGCGGGGCGGGGCGCGGGAGGGGCGCGCTGCGCGGGCGGGGGCGCGGGGCGGGGGTTGCGGTGGCGGGGCGGGTCCGGGGCGGGGGCGGGGGGGGCGCGGCGGGGGGCGGGGCGCGGTGGGGGTCCGGGGCGCTGGGGGGGCGGGGCCGGCGGGGGGCGGGCGAGCGGCGGGGGGGGGCGCGGAGGGGGGCGGGGCGCAGCGGGGGGCGGGGGGCGGGAGGGGGCGGGACGCCATAGGAGGCGGGGCGGTCGGGGGGCGGGGGCTCCGGGGGGCCGGGCGCGGCGCGGCGGGCGCTGGGGGGCGGCGGGGCGGACGCGCTGAACCACGGCCGGCGGGAGGGCCGGGGCCGGGCTGAACCATGGCGGGCGGCGGGTTGGGGGCGGTGGTGGCTCCGCGGGCTGCCTGGTTGCGCTCCACCCGGCACGGGGCCGAGGGGACCTGAAAGCTGCGGCAGAGCCTGACCGCGCCGTTCTCCAGAAGAGCCCCGGCCGCGGCTGAGTCGCGCTCCGGGTGTGGACGGAGCCGGAGCCTCCCCGGGGCTCGGGAGGACACAGGCCCAGACCCGGGCCTTCAAGTCTTTGACCGAGCGCGTTCCCGGCCCTTCTGCGCCCACACATCTTATTGTCTGTAGGAGTTTCCGCAGTTTGCTAAGGTTGTTATCCGAGTTACTTATGTTTCTTCTCTCTAAGGTTGTTATTTGAGTTACTTAGGTCTTCTCTCTAATGCCGTGTTTTGTTCCCTCTTTAGAATCGACATATTGAGGAGTACTCAAACCACTTAATTGATGATCAATACGTTCCTTGAGAGATCCGTTATCAGCATAGAATACCAGAGCATCTGCACTGGGATTGTCCGCCCCGCCTGTCAGGGAGGCCACCTCGGGGGCTAATCTGAGGGTATAGTCGGCCTTGGACCCTCGCTTTTTTCCTTTCCTGTACTATGAAGACTGCCTTATCTCGGATGTCAGGTCTGATTTGGGGATTAAAAGGAACGATTTAAATTACCAACGCTCTTTGAGAATAAACATTTCAAAATTATTATAACCCTTAGTACATGTGGGAAAACGTTGACATTCTTGTAATTTATTTTTCTGCTGGCTCATTTAGGTGCTTGTTGAAGCCTTGAGTCCCTAGGATTGTCTAAGAACATGGGTAAATGTGTGTGGAGGCCTCCCTGGTAGGCCAGAGAACTGCCAGCCCGTCATGCCATATTAGGGGCACCGGAACCAGGAGAGCACAGTTGCTACATCGTTTGTAAAATCAACAACCCATCTTGGCGGGCGCGGTGGCTCAAAGCCTGTAATCCCAGCAGTTTGGGAGCATTAGCCGGTGTGGGTGGTGGGCACCTGCTAATCTCAGCTACTCAGGAGGCTGCCAATTGCTTGAACCCAGGAGGCAGAGGTTGCAGTGAGCTGAGATCACGCCATGGCACTCTAGCCTGGGCAACAAGAATGAAACTCTGTCTCAAAAAAATAATAAAATAAAATAAACTCCATCTTAAACCAGTAAACCACCATTGCAATGTATAACTGAGACAGTGCAGAGATCTGACCTAACCAACTCCATCCTACTTTTACA
NC-060943,19,1,TTCCTTGTGCCCTGACCCCAGGCTGCATCCAGCCCCACTTCCCCTCCTGGGGTCCTGGACTTCTCTTTCGTGCACGCCCATGCTTGGAATTGTTTTTCTATCTCTTTCTTTCGCTTACCCTTTTTTTCTCTTTCTTCCTTTTTTTCATATTTTCTTCCTTTCTTTCTTTTCTTTTTCTTTCTTTCTCTTTCCTTTCTTTCTCTTTTTTCTTTTCCTTTTCTTTCTTTCCTTTTTTTCTTTCTCTTCATTTTCAGTTTTCTGTCTTATTTTCCCTCTTTCTTTTCTTTCTTCTCCTTCCTTCCTTGCTTCCTTGCTTTTCTTTCGTCCTTTATTTCGTCTTCATTTTTCTTTTCTCTCCCTCCTTCCTTCCTTCCTTCTTTCTTTCTTTTTTTTTTTTTAGACGGATCTCGCCTCTTGTCACCCAGGTTTAGGAGTGAGCAGTGGTGCATAGTCTTAGCTCACTGCAAGCTCCCCCCTGGGTTCACGCCATTCTCCTGTCTCAGCCTCCCGACGTGGGCTGGGACTACAGGTGCCGCACGCCACACCCAGCTAATTTTTGTATTTTTTGTAGAGAAGGTTTCACCGTATAAGGATTCTCCCTTCCTTCTCTCTCCCCTCCCCTCTCCTCTCCTTTCCTTTTCTTTCTTTTTCGGACAGAGTCTTGCTCTGTGCCCACGGCTGGGGTCCAGTGGCTATTCACAGGTGTGACCCCAGGACAGATCAGCATGGAGAGCTTTGACCAGCTCCGTCTCTGACTTGGGTGGTTCAGCCCTCTTAGGCAACCTGGCGGTCCTCCCAGTCCAGGGAGGTCCTCATATTAATGTAGACGGCTGGATCAGCAGCTCACTACAGCTCAGAACTCCCGAGCAATCCTCAGTCTCAGCCTCCTGCGAAAGCTGGGACCACAGGTGTGCACCACCACACTGAACTTATTTGTAGAGACAGGGTGTTTTTGTTGCTCGGGCTAGTAATGAACTCCTAACCTCAAGCAATCCTCTGCCTCAGCCTCCCAAACTGCTGGGACACAGGTGGGTAACACTAGCCCAGCCACTTGCAATTATTAATGGCAATTGTCAGCCGGGCGCCGGGCGACGGTGGCTCACGCCTGTCTTCCCAGCACTTTGGACTATCCAAGCAGGTACATGACCTTAGGTTAGGAGTTCTATTATTTCAACCTGGCCAACACGGTGAAACCCTGTCTCTACTAAAAATATGAAATGAGCCGGGTGTGGTGGCGTGAGCCTGTAGTGCCAGCTGCTTGGGAGGCTGAGGCAGGAGAATCCCTTGAACCCGGGAGGTGGAGGTTGCAGCAAGTTGAGATCACCACTGCACTCCAACTGGGCAACAGAGTACAAAAGACTCTGTCTCAAAAACAAACAAACAAACAAAGAAAAAACCCTGTGTCTAATAAACAAATGAATTTATGAATGTGAAGCAATGAATATTGAATTCTTTCCCGTTTTGGAGCCTCAGAGTCAAAACTCAAGGTGTGCGCAGGGCCGCGCCCCCTTAAGGCTCTGGGGAGCGTCCTTTCTGCCTCTCCATCTTCTGGGGGCTCTGGGCCTCATCGCGAATTGTGGCCTCATCGCTCATTGTGGCCTCATCGCTCTTTGTGGCCGCATCGCTCTGACCTCGGCCTCTGTATTCACACACCCATGTCTCCTATGCCTGGTCTTCTCACGGGGAACAGGAGTCCGATATTGCGACCTCCCGTAAACTTTGGCTTAACTTGTCTGCAGAGACCCTCTTTCCAAACAAGGTCCCATTCAAGTTGTGGGGTTGGGACAAGACATCTTTGTGCGCACATGATTCAACCCATACATATACCTCCTTGGTTGTGACCGCCCAGATGCCACAAACGTGGCCCCTGGGCCCAGATACTGCAGGTAGGAAGCGCTGGTGTAGGTGGTGGCGCTATTGTGGTCACCGTGAAATTACTTTGCCTCAGGCCCACTCTGCATCTGATGTTTTTTACTTTTTCTTTTCTTTTCTTTTCTTTTTTTTTGAGACGGAGTCTAGCCTGTGCCCAGGCTGCAGTCAGTGGCACAATCGCTCACTGCAAGCTCCGCCTCCTGGGTTAAAGTCACGGGATTCTCCTACCCCAACGATAAGTTAGTTGGCGGACCTAAAAAAGGTGTCGCACA
CP068266,NA,1,CGCCCGACTCGGCCTCCCAAAGTGGTGGGATACATTGAGCCACTCACTTGGCCCTGGCTGCCCTTTCAATCAGCCAGCAACCTTGGAGTCTATGGGAAGAATTTTGCAAGAGCAGGTAATAAGATGACGCTTTGTGTGTGTGCATGACTCGAGCAAATCGCTTTCTCCTGCCATTGCCCGCTGGCGTGGGGGTAAGTGCCTTGAGCTTGGATTTAAGATGATATAGAGCGGGTTTACTTGAGAAGATGTGGGATTTGAGATCCAGTGGTCTGACCTGAGGTTCACACTTGTTTTGTGAGTAGCAGTTTCTTTGGGGGCAATGTGCTCTTTCCGTCTCACGCTTGAGGTCAAACGAAGGGATACGCGCCACGTGGATTGAACGCTGCACCCATTCCCACAAACCTGAGCGCCGGACATGCTGCTTGGTTTATCACCGGGTCACCCGCCCTGACTGCCCACTGTGACGGGCAGCTGGAGAAGCGGGAGGCCTGAGAGAAGGACAAGGGAGCGTCCACTTCGGGCCGTTATACAGGTCTCAAACTGATGGCCTGTGTAGCCCCCAGCTTGTTTCGGTCCAGTGCTGTTGACTGAGCATTCTGCCTCACATGCAGCTTCCACGTGGATGGCTATCGGTGGCCTCAGGAGCTCTATGAATCCCGTGTTCTTAACTTGCTGTTTTTCAGAACTGCGGGGGCTTGTCAGTCTTGTCGCCATGGTGGATCCATTTAATCCTCACGGAGTTCTTGGCTGTGTCCCTGGGGACAGATTTTCTGTCAGCCACTGTATTAAACATGCATAACAGACCTCAGGTTCAGGATGTAGGAGGGTACGTGAGGTGAAGTGAATTAAGATTCCTGTGGAGAGCTGTATTGCCCTCCAACGTACTCTGCACTTTCTTCATAGGCGATTTTCTTCAGGGGAAAAGAAACCCTTTTTAGGACAGATAACTGGACATGTGGCTCAACCACCCTTGCCTACAGCTTAGGTGTGTAAGATTGAGCTTGTACTGTGTTTGCTTACAGCAGAAGTCAAATCGGTCTCCTGAAATGCAGCTGGTGCCGCTGCACATGCATCGCCTTGTCAGGGTCCTGCGGCAACGGTGCTTACCTGTTACAGTCGTGATGGAAGCTTTTGTTTCCACAAACCAGTAAATTCTCCAGTCTCCCATCACGGTGACCCTTAAACACTGCGGTGGAGAGGAGACTCGGGTGTCCACACTGGATCTGAGCCTCTGCCGTCCGCCCTCTGTCCTCTGGTGCACCTTGCTTTAAGCATCCATGTGGTTAACTCCTTCGGCGGTCACACCGATGTGGTTTTACCGTGAGCCAGTTCAATGCGGGTGGGGGGCTGAAGACTCATGTCCTTCTGTTCATGTTGGTGCTGCAGAGCTGGCTGAGGCACCACGGGTGGGGAGAGGAGGCCGCAGCCCAGGGGTGGTTTCGTGAGTTTAAGGCTTCCAGGTGTGCTTGGCAGCAATTAGGGGCCACCAGCTGGGGTGACTGTTAGCCACCTCTATCCAGGGTACTGCAGTCATTCTTCTTTCCACTCCTGCTTGATTTTTGTAGTCTATCCTCTTCAATCGTGGGAGGCACAAAGTTAGCTCATACTAAAAATGCAAAAGGTCCGTAAGAAGAAGGGCGTTGTCTTGAGAGGATTTAATCCCAGAAAGATTTTCTTACTCTTTATCTGTGGCAAGATTCTAAAAAATGACTGAGGCACGGTCTTTGCCTTTCAGGAGTTTATATTCTAAGAGGAAAGTTTAAAATTACACACAGTACTATATTACAAGGGAGACATTGAACTAAGAACCCGAAAGTTCTGCTGAACTTCTCTGAGTTTCAACTTCCTCATCCTTAAAGGGGCCATGAAAATTCACCTCAGTATGAGGTGATAAGATGGAATAAGAATGTTTTTCTTTCAACTGATGTGTATCGTCTTTCAGATGGCCACTATGTTATTGGGACATAAGTACTTATTAAGTTGTTTGTATTTCACTGCTTAATAAATGAGACTACTAGGCGATTCTTTTGGCCTAGAGACTATGGAAAGTTACCACAATGCTAAAGACAACATGAACCAAGTTTTGACTGTAAG
CP068265,NA,1,ATGTACGCCGCTGCAGACATCTAGTTCAAGAGAGAAAAGTTCATTACAATACTCGTCTCCTAGCTTGGTCGGCTATATACTGACATAAAATAATGAAACCTGTCCAAATTGTAATTATAAGAGGTACATAAAATATGAAAGTACATCAAATATAAATTATACTGTACATAAAATACCAAAGTACACCAAATATATATTATATACTGTACATGGAATATCAAAGTTCACAAACTATATATTATATACTGCATAAAATATCAAAGTACCGAAGGTATATATTCTATACTCGTTACAATGGTACCCAAACATACTGTATATAAATTTGAAATACATCAAACGTATATTATATTATGTACCAAAATATGAGGTACTCAAATATAAATTATATACTGTACATAAAATACCAAAGTACCCCAAATATATATTATAAACTGTACATGCACACAAACTATATATCATATACTGTACATAAAATATCAAAGTACCGAATATATATTCTATACTGTCAACAAAAAGTACCCAAAGCATGTATTGTATACTGTACATAAAATATAGAAAGTACATCAAATATATATTTTATTCTGTACATAAAATATCAAAGTACACCAAATATATATTCTATAGTGTACATAAAATATCAAAGTACCCAAACTATACATTATATACTGTACATAAAATATGAAATTACATCAAATATATATTATAATAGGTACATAAAATATGAAAGTACATCAAATATAAATTATATACTGTCATAAAATACCAAAGTACACCAAATATATATTATATACTGTACATGAAATATCATGTCAAGTTCACAAACTATATATTATATACTGTACATAAAATATCAAGTACCCAAGTATATATTCTATACTGTACAAAAATATCGTACGCAAAAGCATGTATTATATACTGTTAACGAAAATATGAAAGTACATCAAATCTATATTTTATTTTGAGATAGCATATCAAAGTACCCAAACAATACATTATATACTGTACATAAAATGAAATTACATCAATTATATTTTATATTAGGTACATAAAATATGAAAGTACATCAAATATATCCCTTATTCGATGAGTACATAAAATATCAAAGACACCAAATATATCTACTAGAGTGCCAGGTAATATTATCAAAGTGCCCAAACTCCAGACTTCTTACCTACTGTTACATAAAATATGAAATTACATCAAATATATATTACATTAGGTATATAAAATATGAAAGTACATCAAATATAGATTATATACTGTACATAAAAGACAAAGTACCCCAAATATATGTCTATACTGTCATAAAATAGAAAAGTACAAAGGTATATATTCCTATACTATACAAATAATATCAAAGTACCCAAAACATGTATAACTCTTCACTAAATATTGAGAGTACATAAAATATATACTTTATTCTGTACATAAAATATCAAAGTGCACCAAATATATATTCTATAGTGTACATAAAACAAAAGTACCCAAGACAACATTATATACTGTACATAACAATTGAAATTACATCAAATATATATTATATTAGGTACATAAAATAAAGTACATCAAATATAGATTATACACTGTACATAAAATACCAGAATCCCAAATATATATTATATAAATGAAGCGGAATCAAAGTTCCACTCTACAAACTATATATTATATACTGTACATAAAATTAGTTCGAAAGTGGACTGCGAGGTATACATTCTATACTATACAAAAAATATCAAAGTACCCAAAGTCATGTATTATATACTGTTCCAAAATCTGAGTACATAAAAATATAAGTTATTCTGTACATACAATCAATACACCAAATATATTCATGGCGTACCTAGCATATCAAATATACCCAAATATACATTATATACTGTTGATACATAAAGTATGAAATTACATCAAATATATATTATATTAGGTACAAATATGAAAGTACATCAAATATAAATTATATACTGTACTATCAAGTACCCCATATATATTATATACTGTATCCAAGTTCCTAATCTATATATTATATACTGTACATAAAATATCAAAGTACACAAGCTATATATTCATACTGTACAAAAAATATCAAGTACCCAAAACATGTATTATATACTGTTCATAAAATATCAAAGTACAAAATATATATTTTATGCTGTACATAAAATATCAAAGTACACCAAATATATATTCTATAGTGTATATAAAATATCAACAGCAAACTATATATATGACTAGGCAAATTGTCGAACGCCGCCCGCCAGTCTTGGAACTGCCAGGACTTAACCTCCATGTAGACGTGCCGCCCGCCGACAGCCAGCGTCGGAGACTC
NC-060948,Y,1,CTGACATAACTTGACGACTCCAAACAACAAAAAAATATCGCTCTCTTTAGATAAGGTAGCTGGTACTTTTCTCCTCTGGCTGGCGCATGGGAACTTGTGTGAAGTTTCACATCTAAATGACAAGAGTGCCTCACTGTGCTAAACTCTTCATAATGTGATTTAGGCCCAACACCTGCTTTCCTTCTGTGGACCCTGGAATGTGGGAGGTACTTGGCGGTGGGTGGTATGGGACCAGCCCCTAGTAAACAGCCCCCAATTAGGCTGAGTCTCCAATGAGTTACTGTGGTCGACAGCATTTGACTGACATGTGTGATCAAGGGACCTGTTGCTCGGAAACTGGGTATATCGTGTGTGATTCCACTTGGAGACTCTGAAGCTTGACCCTTGCTTTTCCCAAACTTTTCTCAATGTGCATCTTCCCTTGCTTCATTTTGTTCTGTGTGCTTTGGCTATAATAAATCATAGCTGGCCGGGCGCGGTGCTCACGCCTGTCATCCCAGCACTTGGGAGGCGAGCCAGGCAGCGCGAGTAAGCGACATCGAGACCATCCTGGCTAATAGGGTGAAACCCCATCTCTACTAAAAATACAAAAAAATTAGCGGCATATCGCGGGGCCTGTAGTCCCAGCTACTCGGGAGGCTGAGGCAGGAGATGGTGTGAACCCGGGAGGTGGGTGCAGTGAGCTAGATGAGATCACACCACTACACTCCAGCCTGGATGGACAGAGCGAGACTCCGTCTCTAAATAAATAACATAAATAAATAAATAATAAATAAATAAATAAATCGTAGCTGTGAGTGTGACTACACGCTGTCTTCTGCCAGCTTCTAGAAAGTCAGCAAACCGAGGAGGTTCCAAAAAGACGCTTCACATATCAATATGCTGAAATAACTTTCCTTACTCAGGAGAGGGAAAATAGCAGCAGAGACGGAATAATTCAAACAGAGACACCAAAAGAGAACATGAAAGATTCAGGGTTTCAACGTTTAGGAGCTGGAAGAAAAAAAAATAATAATTGTGGTGCAAGCCTTTTTTTTCCAATTGAAGCTAGCTTTCTTTCTCTCTTTCTCTCTCTTTCTCTTTCTCTCTTTCTCTTGCTCTCTTTCTCTTTCTCTCTTTTTCTTTCTCTTTCTCTCTCTCTTTCTCTTTCTCTCTCTTTCGTTTATCTCTCTTTGTCTCTCTCTCTCTGTCTCTCTCTTTGTCTCTCTCTCCTCTTTCTCTCTCCTGGCTCTCTTTCTCTCCTCTCTTTCTCTCTTTCTCTCCCTCTCTCTCTCTCCCTCTTTCTCTTTCTCTCTTTCTCTCTCTTTCTCTTTCTCTTCTCTCTCTCTTTCTCTCTCTCTTTCTCCTCTCTAGGACTCTCTCTTTCTCTCTCTTTCTGCCCCTTTACTTCTTTCTCTTTCCTCCTCTCTCTTTCTCTTTTTCTCTCTTTTCTTTCTCATTTCTCTCTCTCTCTCTCTCTTCTCTCTCTCTTTCTCTCTCTCTTTCTCTCTTATCCTCCTTCTAACTCTTATTCTCTCTTTCTCGTCCTCTCTCTTTCTCTCTTTCTCTCCCTCTCTCTCTCTCCCTCTCTTTCTCTCTTTCTCTCTCTTTCTCTCTCTTTCTCTCCTTCTTTCCTCTCTTTCTCTCTCTCTTTCTCTCGGTTTTTCTCTCTCTCTTCTCTCTCTGCTTTCTCTCGCTTCTTTCTCTGTCTCTTTCTCTCTCTCTGGTTCTCTCTCTTTTACTACTCTTTCTTTCTCTTTCTCTCTCTCTCTCTTTCTCTTTTTCTGTCTTTTCTTTCTCTTTCTCTCTCTCTCTCTCTCAATTCTCTCTCTCTTTGCTCTCTGTCTATTCTCTCTCTGGTTTCTCTCTCTCTTTCTCTCTCTCTTTCTCTCTCTCTTTCTCTCTCCTTTCTCTCTGTCTCTCTCTACCTCGTGTCTCCTCTCTTTCTCTCTTTCTCTCCTCTCTCCCTCTCTTTCTATCTTTCTCTCTTTCTCTCTTTCTCTCTTTCTCTCTCTTTCTCTCTCTCTGTCTCCTCTCTCTTTCTCTTTTCTGCTCTACTTTCTCTCTCTCTTTCTCTCTCTCTTTCTCTCTCTCTTTCTCTGCTCTCTCTCTTTTCACTGCCTTTCTCTCCTTGTCTATTTCTTTTTCTCTTCTTTCGTTCTGCCCTCTCGTTCTCTTTCCTTTCTCTCTTTCTGTCTCTCTTTCTCTCTCTCTTTCTCTCTCTTTCACTACTCTCTCTCTTTCTCTCTCTCTTTCTCTTTCTCTTTCTTCTCTCTTTCTCTCTCTTTCTCTCCGACTCTCTCTTTCGGGACCCAGCAGAGATTCTGA
CP068256,NA,1,AATAAGCGTGCTAGAGAAGAGTTATATCACCTTGGGTGATCAGTGCAGTAGGTAGGTCACAATCCCCCTGTAGGCAGAGCCTATACAGGTAAATACCTGGTTGTCAGTGCAGTATATGTCACAATGCCGTGTAGCCAGAGCCTAGACTAAAGTTACAGCACCTGGGCAGTGCAGAGATATGTCACAATGTCCCCTGTAGGCAAAGCCTAGGCATGAGATGCATCACATGAGTGATCATTGAAGAGAATATGTCACAATGTCACCTGTAGGCAAAGCCTAGGCAAGAGTACATCACGCCCGCCTAGTGATCAGGGGATATGTCCAATGTTCCCTGTAGCCAAAGCCTAGGCAAGAGTTACATCACTTGTGTCAGTTGATGGATATGTGAAACGCACCTGTAGGCAGAGCTTGGACAACCAGGTTACTCCACAGGTAGTTGATCATTGCAGAGATATACGATAACCTCTGTAGGCAGTTCGTAGTCAAGAGTTGAATCACCTGGGTGATCAGTGCAGAGATATTTCACAATGCCGTTGGTAAGGTAGACAATGACGACGGGTAATCACCTAGGTGATCAGTGCAGAGATTTGCAAATTCCTCACATTGTAGGCAGTCAATAAAAGTGTTACATCACCTAAGCGATCAGGGCAGAGATATGTCAAAGCTGCTAGGCCGAACTTAGATGTGTTACATCGCCTGGGTTTACGTGCAAAGTTTGTCACAAAGTAACGCAAAGCCAGAAAACGGTTAATCACTTGGGTAATCAGTGGCGGAGATCTCTCACAATTCCCCTGTAGGCAGAGAACACAAGTAGTTACATCACCTGGGTGTGCAGAGACTTCGCACAATGACGTCCCCATAGGCAGATCCGAGAGAAGATTTCGCCACCTGGGTGACCAATGCATAAATATGTCACAATGCCCCCTATAGGCAGAGCCTAGACAAAAGCTCCATCACCTGGATGATCAGTTACAGGTAATGTCAAAAAGTCAATTATAGGCCATCCTAGACCTTAGGAGAGTTACGTCTGTCATGATTAGTGCAGAAGAGATAGGCACAATGGATCGTAGGTGAGCCTAGACAAAATTTACGATGACCTAGGTCAGTGCAGAGATACATCACAATGTGCCTGTAGGCAGAGCCTTGATGAGAGGTACATCACCTGGGTAATCCTTGCTGGATGACGCCACAAGCACCCTGTAGGCAGACCTAGAAAATAGCTACAAGACCTAGGTAGCAGTGCAGAGATACATTGGCAATCCGTCGACAGAGCCTTGGCAAGTGGTATATCACTCTGGGTGATCATTGCAGGGATATGTCACAAAGCACCCTGTGGTCAGATCGAGAAGAGTTATATTCGCTTGGGTGATCAGTGCAGTGATATGTCACAATGCTCGTGTAGCGAGAGCTGCAGACACAAGTTTCTCCTGGGAGATCAGTGCAGAGATATGTCACAATGTCCACAGTAGTGCAGAGCCAGGCAAGAGTTGTCTCACCTCCCGATTAGTGCGATATGTCTCAATACCCCTGTCGGGCACAGCCTAGACAAGTGTTGAAATCACCTCGGTTAACAGTGCAGAGGATGTCAAGAGTCCCCTGTAGGCCGAGCCTACCAAAGTGTTACATCACTAAGGTGATCAGTGCATAGATTGTCACAATATGCCCTGGAAGCAGAGCCTAGACAAGAGTTACATCACCTGGGTGAGTCCGAGATATGTGGACAAGGCCCCTGGGAAGCAGAGCCTAGACAATACTTACATCACCTGAGATGATCAGTGCAGAGATCTGTCACAATGCCCCTTTAGGCAGAGCTTAGACCAGAGATAGATCACCTGGGTGATCAGTGCAGGAGTATGTCACAAAGTACCCTGTAGGAAGAGACATAGAGAACTTTATATCACCTGGTTGATCAGCCAGAGGTAGGTCAACCCCATACAAGAGCTATACAAGAGTTATATCACCTGGTTGATCAGTACAGTATATGTCAAAATGCCGCCAGAGCCTAGACTAAAGTTCAACAGCGACTGGGAGATCAAGAGATATGTCACAAAGTCCCCTGTAGGCAAAGCCTAGGAAAGAGATGCATCACATCGAGTGATCATGGAAGAGATATGTCACAATGTCCCCTGTAGGCAAAACCTAGGCAAGAGTTGCATCACCTGGGTGATCAGTGCAGATATATGTCCTCCCTGTAGGCAAGCCTAGGCAAGTTACATCACCTCTGTCATCAGTTCAGGGATATGTGGAAACGCCACTGTAGGCCGT
NC-060935,11,1,CTTTTCACTGACCTGAGGAAGGGGAGGTTATCTGGATGGGCCCAGTGTTAGGAGAGCCAAGGGCACTGAGCAGGGAGGCAGCGGAGGAACACAGCCCGCGAGCGTGGGGGGGCCTGAGTCAGCAGTTTAGGCACTCCCAGAAGCTGGGAAAAAAAGGCACTACCAGAAAGTGGCCCTGCAGACTAGTGCCCAAGGTGATCCTTTGAGGTAAGTTCATTTGTCTCCAGCCACGAAGTTCATGGCAAGATCTGCAGCAACAGGAGATGAAGGCAGATTTTGGTTCTAGGCATGAGGCACTGCTGTAGCAAATACCTAGAAAGGATGGAAGTGGCTTTGGAATTGGGCTGAAAGCATGAGGGTGATAGAAAAAGCCGAAGTTGTTAAAGAGGTGGTAGAAGGATGGAGGCGAGCGGGGCTGAGGGGAGGAACCAGCCTGGGCTCTGAGAGAGTCAGAGCCCCTCTGACCCGCCCGTCCTCGACATGTGGGTTAAAGGTGCACGTGGGGCTCAGTGGGAAGGGAAGGAGCCTGGGAAGCCCCGTCCATGGGGGCAGAAGTGCAGCTGCACTCTGTCCCTTGGCACGTGCGGGCAGCACTCGGGGGCTTGGTCATCCTGGGCCTTGCGCTGCTCAGGTTGGCCCTAAGGACATTGAGCAGAGGGGAATTAGCACCTTGCCATCGGGAATTCTCAGCTGATGCTGATGTCAGGAGATTCACTGTCAGGAATGTGTGCTCAGAGTAACGGCCACACCAAGAGCTCCTGGAGGAGCGCGAGCCTGTGGCTGGTGGATGCCCCGGGTCACACCTAAGCCGATGCTCAGCAGGGACCGCTGTGGGAGGTCTGTGGACGAGCCTTGGGTCGGACGAGCCTTGGGTCTTACGGATCCGGTGAAGCCCTGTGGGAACCACGAGAGGCTCTTAAACCATCAGAAACTCAGCTGGCTTGGACTGAGGCAGAGGGGATGTGATGAAAGGCTGAGCCCCAAAAATCAGCAGGCAGGACGCAACTAAACTGTAGCTGCAAACACTTGCTACGTTTCATAAATAGAGAGCATGGCCGCTGAGGCGTGTCAGCACAGAGGCAGTGTTGGGACCTACAGGGTGTCCGTGCCCTCGCTTGCTGGGACGTAGGAAGTGTACCCAGCTGGATTTTGGATTTCTTGGGAGCAGCGACACAAGCACCTTGCAGCTTTCTCTGTGTGTCACGTGTGTGTGTGTGTGTGTGTGTGTGTGTGTGTGTGTGTGTATGACATATAAATGATTGGAGTTTCACCATCACCCAAACTGGAGTGCTTGGTAATCCTAGCTCTCTGCAGCCTCAGACGATGCTCGGAT
NC-060938,14,1,GCGCATTGTTGAATTTTGTCAAAGGCCTTTTCTGAATCTATTGAGCTAACATGTGGTTTTTTTTTTGGCTCTGTTTATATGCTGGATTACATTTATTGATTTGTGTATATGAACCAGCTAATCCCAGGCATGAAGATAACTTATCAGGCATAAGCTATTTGATGTGTTAATGGATTCGGTTTGCCAGTTTATTGAGATTTTTGCATCAATTCATCAAGGATATTGGTCTATGAACTCTTTTTTGGTTGTGACTCTGCCTGGCTTTGGTGTCAAATGATGCGGCCTCATTAAATGAGTTAGGGAGGATTCCCTCTTGACGTGTTGATTGGACTAGTTTCAGAACGAATGTCAGTTCCTCCTTGTAGCCTCTTGTAGAATTCGGCTGTGAATCCATCTGGTCCTGGACTCTTTTTGGTTGGTAACGCTATTGATTATTGCCACATTTTGGCTCTGCTGATTGGTCTATAATTCAGAGATTAACTTCCCTGGTTTAGTCTTCGGAGAGTGTATGTGTCGAGGAATTTATCCATTTCTTCTAGATTTTCTAGTTTATTTGCGTAGAGGTGTTTGTATTATTCTCTGATGGTAGTTAGTATTTTGCTCTGGATTGGTGGTGATTGATGTTGAAATGAGAAGGCAAGTGA
NC-060946,22,1,TTAGGGCGTACAGCGTCCCAAACTTCAGAAGCACGTGTTACTGGACGGCAAAAACCCCATCCACTACTTCAAAAGTACACCATAGACCCCCCTGCTTGGACATTTACGGGCCCCGTAGTGCGGGAAATCGTTCCTCGTATTGCTCCTCTACCGCGCATAGGTGCATGCGTCCCTGATCATCTAACGTTTAGAGACGCGAGACGAATTCGTAGGGGTTCCCGTCATCAACACCAGACTAAAGCCCGAGTCATGTCCCATCGCTCCTCGGAAAAGGATCGGCTTAATCAATTCAACCAAACCAAAAGCCCAGGTGCGGCCAGCATGGCTACAAAGTCGTTTAATATTACCATTTCGGGCGAGCGTGGGCAGAGCCTAGACTAAAGTTACAGCACCTGGGAGATCAGTGCAGAGATATGTCACAATGTCCCCTGTAGGCAAAGCCTAGGCAAGGAGATGCATACATGAGTGATCATTGAAGAGATATGACTTTTAAGTGTCACCTGTAGCCAATAGCCTAGGCAAGAGTTGCATCACCTGGGTGATCAGTGCAGATATATGTCCAATGTTCCCTGTACAAAGCCGAGTACGTCACTCACTCTGTCATCAGGTCAGGGATATGTGGAAACGCCCCTGTAGGCAGAGCTTGGTCAAGGGTTACACCACCTAGTTTATCAGTACCGAGATATTTCCATAACCTCTGTAGGCAGTTCGTAGTTTGAGTTGAATCACCTGGGTGATCAGTGCAGAGATATTTCACAATGCCCCGCTGGAGAGGGTAGAAGAGTTACGTCGTAGGTAATACAAGCTCCCGACTCCGGGGGCATAAGAAGCGAGTCGAACAGGCTCGACTCTGTTTGCCTTGTGATTGAAGTGTATACCCGGTCGTGCTTACGCTGACGACTGCCCGGAGTAGCTTCGGGGTCGTGCCTTTTCACGAGGTGGATTTGAAGCTAGTTATTACACGCATTTAGCTATTGGATATAACGTCCGTCCGAAACTCGAATCGGGGTTTTCCACACCGCTCTTGCCCGTGCGAGTGACTAAAGGGGCAGTCTACTGTCTCTCGTACTGGCGGATTTAAACACCAAGTAATCCAGTTACAGGATCTTAGTGACCGCGCATATTTTTCCTTCTAGGACGCAGAGTTAGAGACTTTATTTTCATCGCGCAATGGACCTTCCGCCCG
CP068267,NA,1,CTCAAGCAGTTGGGAGCTGAAAAACAGAAAGGATCACCTGAGTCACAGGGGTTCAAGACCAGCCTGGGTAGAGAAACTTCAACTCAAACAAAATATTAACAAAGCCGGGCGTGGCTACTCGCACCTGTGGTGCTGGCTACTCAGGAGTCGAAGGGGGAGGATCCCTTGAGCCCGGACAATGGAGGCTGCAGTGAGCTAGGATTACCCAGCACTCCAGTTTGGGTGACGGTGAAACCGCCAGTCATTTATATGTGCATACACTCACACACACACACCCCACACACACACACACACACACACGTGACGCACAGAGAAAGCTGCAAGGTGCTTGTGTCGCTGCTCCCAAGAAATCGAAAATCAGCTGGTACACTTCCTCCGTCCCAGAGGCCTGGGAACTCCTTCTGTGGGTCCCAACTCTGTTTCTCTCTGCTGTTCTCACCCAGGGCCATGCTCTCTATTTATGAAACGTAGCAAGTGTTTTGCAGCTTCTGAAGTTTAGTCTGCTTCCTGCCTGCTGATTTTTGGGCTCAAGAGCCTTTCATCACAGCCCCTCTTGCTCAGTCCAAGCCAGCTGAGTTTTTGATGGTTTAAGAGCCTCTCGTGGTTCCCACAGGGCTTCACCGGATCCGTAAGACCCAAGGCTCGTCCACAGACCCAAGGCTCGTCTTCACAGACCTCCCACAGCGGTCCCTGCTTTGAGCATCTGCTTGGGTGACCCGGGGCTCCACCAGTCCCACGGCTCGCCCTCCTCCAGGCGCTCGTTGGTGTGGGTTACTCTGAGCACACATTCTGACAGTGAATCTCCTGACATCAGCATTGCTTCCTGTCAATTCCCGATGGCAGGGTTCTCACCCAATCAGCATGC
NC-060932,8,1,AATTTTTTGAGACAGAGTTTCATTCTTGTTGCCCAGGCTAGAGTGCCATGGCGTGATCTCAGCTTCACTGCAACCTCTGCCTCCTGGGTTCAAGCAATTCTGGGTGAAGCCTCCCTAGTAGCTGAGTTTACAGGTGCCCACCAACACACCCGGCTAGCTGCGATTTTATCCACTGGGAATTACAGGCTTGAGCCACGCCGCCCGCCTAGATAGGTCTTGATTTTAAAACGATCACCCTGGCTTCCTGTTTGTTCCTACCATCATGAAGGCTGCTGGCAGTTCTCTGGCCTCAGGGAGGCCTCCACACACATTTACCCATGTTCTTAGACAATCCTAGGGACTCAAGGCTCCCAAAACCTAAATTGAGCCAGCAGAACTTGAAATGAAAGTCAACGATTTCCCATATGTACTAAAGGGTTATAATAATACTTTGAAATGTGTATCTCAAAGAGCGTTGTAATTTAAACGTACTATTTAATCCCCAAAACAGTTGTATCGGAGGGGGAGCTTCGGCATTTATCTTCATAGTACAGAAAGTAAAAAAGCGAGGGTCCAAGGCCGACCCCTCAGCTCCATTAGCCCCCGAGGCCTCCCTGACAGGCGGGGCGGACAATCCCAGTGCAGATGCTCTGTATCGATCGCATGCTATCGGGTTCTTTCAAGGAACGTGTATTGATCATCAATTAGGGTGAGTACTCCTCTAGATGTCGATTCTAAAGAGGGAACAAAACACATTAGAGAGAAGAGAAGTACTTTATGGCCGGGATGCGAGCGGTAAGTCGGACGCTTACACTCCCCTGCGCGCCTT
NC-060940,16,1,GCGTTTCCGATGCCGGGCACCTAGTGGCCAGCGCCCTGATGGGCCCTCAGTTAGTGAGTGCGGCCCTCGCGGCTCTTCCCTGGCTCTGTGGTATGGCCTCCTGGCTTGTGAGGCCTCTTTGTGAGTCGCTGTGGATTTGGCCAGGGAGGTTCTTAGAGTGTCTCAGGGTGTTGGCAGCCTTCTTCGCAGGAAGTGGGAGTCTCGGAGATGTGGGGTTGCCCCTTCCGTCCTGGGCCACCCAGCTTCCGGGAAGTCGACAGGCGGTATAGTCCCATTGGTGGTGTCAGTTGCCAAGCACAGAATGCGCCTGATGTCTCCTGAGGACAGACAAACCCCATGTCACCCTCTCCAGAGGAGCGGCTGCTCTTAGACGTTCCCGGAGTGTGGATGGCGCGCCTCCCGGGCCCCCACAGTGCAGGAAGCCTCCACTGCCCCGGGCCTCGTGTGCTCAGGTCTGGGAGCTGCAGGCCAGAAGCATCACACCGCGAGGGCCACCGCATGTGTGTTTCACCGGCTGCCCTACTCAGCCCACCCGGTTCCCCGTGGGGCTGGGATGGGAGAACGAGGACCTCTGCTCCTTCTCTCACAGCTACGAGAAGCCTGACACGCACCGCTTCGACGTGCCCAGGATGCTGTCGGAGGACCCTGCCGCCCTGGAGCTCTACGTGAATAAAATCACAGGAAAGTAGTGTCCATCCACCAGGGCTGGTGGACCGGCACTCCATCCTGGAGGTTGCAGGGACCCCAGGGCTTGCTGAGACGGCTCCCTTTCCCGTGCTTCCTCACGAGTGGGCAGCGTCCTCCCGGCTCCTCAGAGCCATGCCAGGGCCCTGAGCCAGGCCCCCCTTTACGACTGCCTCACTCTTGGCCCAGCCTTGCAGGTCAGGTGACACTAGAC
CP068257,NA,1,ATATTTTATGTACTTTCATATTTTATGTACCTATATAATAATATTTGATTTTCATATGTTTACAGTATATAATGTATAGTTTGGGTACTTTGATATTTTCTGTACACTATAAAATATATATCTGTTTGATATGTACAAAAAAATTTATACTTGATGTACTGTTCATATTTTATAACAGTATATAATACATATTGTACTTTGATATTTTTTGTACAGTTAGAATATATACCTTGGGTTCGTTGATATTTTATCTACAGTAAATAATATATAGTTTGAGATTTGATTCTCATGACATATATAATATATATTTGGGGTACTTTGATATATATGTACAGTTAAGGATATATTTGATGTACTTTCTATATATGTACAGATTTAGTAATGTATACTTTGGGTATTTTGATATTTTATGTACACTATAAAATATATATCTGGTGTACTTATGATATTTATGTACAGAACAAAATATATATTTGATGTACTTTCATATTTTATGTACAGTATATAACTCATGCTTTGGGTACTTTGATATTTTTTGTACAGTTAGAATATATACCTTGGGTACTTTTATATTTTATGTACAGTAATATATAGTTTGGAAGTTTAATTGGATGTACAGCATATAATATATATTTGGGGTTCTTTGATATTTTATGTACAGCTAATAATCTATATTTGATGTACTTTCAGCTTTACTGTACCTAATAGAATATATATTTTATATCCATATTTTATGTAAGTAATGTAGTTTGTTATACTTTATATTTCATGTACACTGATAAAAATATCTGGTGTCCTTAATATTTTATGTACAGAATAAAAATGAATGTGATGTACTTAGTATTTTATATACAGTATCATTTACATGCTTTGGGTACTTTGATATTTTGTACAGTATAGAATATATACCTTGGGTAGTTGTTTATACAGTATATAATATGAAAGATTCATA
NC-060942,18,1,GCGGCAGAAAAGACAAAGGGCATTATGTAATAGTAAAGGGTTCAATTCAACAAGAAGACCTAACTATTCTAAATGTATATTCACCCAACACAGGAGCACTCAGTTTCATAAAGTTCTTCGCAGAGACCTTGAAAGAGATTCAGACTCCCATACACTAAAAGCCAGGAATTTTAACACACCATCGACAATATTAGACAGATTATTAAGAGACAATTAACAAATTTAGGACCTGTACTCAGCACTGGAGCAAATGACTGATAGAGTTTACAGAAGCCTCACCCCAAAAGTCAGAATGTAGCGAACGGGCACATACTCTAAAATTGATCACAGTTTTGACAAATAAGACTCCTCAGTGAATGAAAAATAACCAAAATCACAACAAACAATCTCTTAAACAATGCAAGGAAATTAGTAGAATCAGACGAAATCCACGAAAATCATACAATTACATGGGGATTAAATCAACCTGCTGCTGTGCAAATTTTAGTAAATACTGAAATTAAGGCAGACATCTAGAAGTTCTTTGAAACTAATGAGCAAAGGATACAACATACCAAAGCCTCGGTACACATCTAAGACTGGTAAAATGGAAGTTTATAATACTATGTGCCCACATAAAAAAGTTAGAAACCTCAAGTTAAAAACATAACATCACAACTAAAAGAGAACAGAACACTACGGAACAACCTACCTCTAACAGAAGACAAGAAATACCAGATAAAGCTGAATTAAAGGAAATTGATAATGTAAAAAAACCATCGAAATGAATTTAGAGCTGGTTTTTATGAAAAAATTGAATAGTGCACAGGTAATAAAGAAGAAAAGAGAGATCCAAATAGACAAATCAAAAATAGACAAAGTGGAATATTACACTGATCCCACAGAAATAAAATGACCATTAGAGAACATTGTGAACACTTCTATGCACAAAAACTAGAGAATCTACAAGAAATATGTAAATTCCTGGACACATACACCCTCTCAAGACTGAAACAGGAAAAAATTGATCCCTGAACAGATCCAATAATCGAGTCTGAAATTGAGGCAGTAAAATAAATAGCCTACCAACCAAGAAAAGCCCTATGATGGATTCACAGCTGAAAGCTACCAGATGTATAGAAGTGCTGGTTGCACCATTCCTGCCAAACTTTCCAAAAATTTGAGAGGAGAGATGCTGTGTACTCATTCTATGAGGCGAGCATCATCTTGACACTAAAACCTGACAGGGACATAAACAGAAAAGGAAACTTTGGGCCAATATCATGATGAACATTGATGCAAACTTATCCTCAACAAAATACTGTAGAAACGGAATTCAATCGCACCGAACATCAAAAAGTGTATCCACACAATGAAGGTAGGCTTTTCCCTGGTCATGCAATGTTGGTTCAACATACACAAAATCAATAATGTGATTCATCATATAAACAGAAACTAAAGTAAAACACCACATGATCAC
CP068261,NA,1,TGAATCGTGGAAAAGTGTCAGGAGAATTGCTTGAACCCGGGAGGTGAGGTGGAGCTTGCAGTGAGCCAAGATTGCATGAGTGCACTCCAGCCTGGGCAACAGCCAAGACCCCGTCTAAAAAAACAAAACCAAAAAAAACGTGGCTGTAGTCCCAGCTACTCAGGAGGATGGTTTGATGAAGCAGTGAGCTTTGATGACCCCTCTGCGCTCCAGGTGGGCGCAGTGGCTCATGACCGTAATCCCAGCAGCTGGGAGGCGCCGAGGTCGGCAGATCTTTTGAGCCCAGGAGTTCGAGACCAGCCTGGGCAACATGACGAAATGCAGTCCTCTCTACAAAAAAAAACAAAAAACTAGGAAGGCATGCTAGTGCACGGTAATCGCAGCTACTCAGGAGGCTGAGGTGGGAGGATTACCTGATCTGGCATGGGAGTGTAGTGAGCTGAGATCATGTCACTGCCTGCTAGCCTGGGTGAAGTGATACCCTGCTTCACAAAAGAAAATGCAGGATTTACTAGTGTATCAGGGATATTATAGTTTATAAAACATCATTTTGGGCCAAGTGGGTGAATCACTAGGTCAGGAGTTCAAGACCAGCTTGGCCAACGTGGCGAAACCCCGCTCTCTTAAATATATGAAAATAAGCGGGGCATGGTGGCATGTGCCTGTAGTCCCAGCTACTCAGGAAGCTGAGGCAGGAGAATTGCTCGAACCCAGGAGGCGGAGGTCGCAGTGAGCTGAGATCACACCACTGCACTCCAGCCTTTGCTGACAGAGTGAGACTCCATCTCAAACCCACTATTTAGTGGCTGTCAGGTTGGCAAATTATAAAAGATTGTTAATATCCTGTGTGGGTGAGTTTATAGTAAACAGATCCTGCTTTCTTTCTTGGTGATAATGTAAAACTTAAAATAGCTACCAAGTGCTGGTTTTCCAGATGTTTTCAGCTTGTGAAAATACACTGAGCTGCATGTCTCATTTGCTTTGTGAAACTATGCTTAATAATCAGCTGGGGAGCTTGTGAGCAGTGCAGACTGGACCCCACTCAGAGATTCTGATGTGGTAAGGTCCGCGATGAGGTCCATGTCTAACATTTTGAACAAGCACCCCAGCGTAAGCATCGAGCGTCCCATAAATTTTCTGATT
NC-060937,13,1,TAGGTACATAAAATATCAAAGTATCAAATATTATATACTGTAGATAAAATACCAAAGTACACTCATATATATTATATACTGTTCATGAAATATCAAAGTTCACAACTATATAATATATACTGTACATATTATATCAAAGTACAAGGTATATATTCTATACTGTACAAATGGGTGTACTAATAAAGTAACAAAGCCGTATTACATACTGTACTACAAATAGAAATTACATAAATATATCCTTATTATATTATGTACAAAAATATGAAAGTACATCAAATATAAATTATATACTGTACATAAAATACCAAACGTACCCCAAATATATATTATAAACTGTACATGCAATATCAAGGTTCACAAACTAATATATCATATACTGTACATAAAATAGCTCAAAGTACCGAAGGTATATGATTCTATACTGTCCAAACTCAATATCAAAGACCCAAAGCATGTAATTATATACTGTACATAAAATATGAAAGTACATCAAATATATTTTTATTCGTTCATAAAATTTCAAAGTACTCACCTATTTTACTAGTCGTACATAAAATATCAAAGTACCCAAACGATCCGGATTATATACTGTAATCATAAAATATGTAAATTACATCAAATATATATTATAATAGGTACATAAAATATGAAAGTACATCAATATAAATTATATACGTGTCTAGACATAAATACCAAAGTACACCAAATATATATTATATACTGTACATGAAATATCAAAGTTCACAAACTATATATTATATACTATACATAAAATATAAGCAATTGGTATATATTCTATACTGTACAAAAAATATCAGTACGCAAAGCATGTATTATATACTGTTAATAAAATATGAAAGTAAACATATATTTTATTCTGTACATAAAATATAAAGTACCCAAACAATACACACATAAAATTGAAATTACATCAAATATATTTTATTATTAGGTACATAAAATATGAAAGTGGATAATATATATTTTATTCTGTACATAAAATATCAAAGTACACCAAATATATTCTATAGTGCCATAAAATATCAAAGTACCCAACACTAAACGTTACTATGCTGTACATAAAATATGAATTACATCAAATATTATTATTTAGGGTATAAAGTATGAAAGTACACAAATATAGATTATATACTGTACATAAAATATCAAAGTACCCCAAATATATATTCTATACTGTATATAAAATATCAAAGTACACAAGGTATATATTCTATACTATACAAAAAATATCAAAGTACCCCAAACACTGTAATTGTATACTCTTTCAACAAATATGAAAGTACATTCTGTTGCCATAAAATATCATAGTGCAACGAATAGAAATCTATTAGTGTACATAAAATATCAAAGTACCCAGAACCATACATTATATACTGTACATAAAATATGAAAAATTACATCACATATATATTATATTAGGTACATAAAATATGAAAGTATCAAATATAGATGTACATAAAGAACCAAAGAATCCCAAATAATATATTATATCTGTTCATGCAATATCAAAGTTCACAAACTATATATTATATACTGTACATAAAATATCAAAGTACCCAAGGTATATATTCTATAATATACAAAAAATATCAAAGTAGCCCAAAGCATGTATTATACTGTTCAAAAAATAATGAAAGTACATCAAACTATTATATGATTATTCTGTATATAAAATATCAAAGTACCTACCATATATATTCTATAGTGTACATAAAATATCAAATGTACCCAAACTATACATTTGATATACTGTACATAAAGTATGAAATTACATCAAATATATATTATATTAGGTACATAAAATATGAAAGTACATCAAATATAAATTATATACTGTACATAAAATATCAAGGTACCCCCAATATATTATATATACTGTACATGAAATATCAAAGTTCATAAACTATATATTATTAATGTATATAAAATATCAAAGTACACAAGCTTATATTCTATACTGTACAAAAAATATCAAAGTACCCAAAACATGTATTATATACTGTTCATTCAATATCAAAGACATCAAATATTTTATTCTGTACATAAAATATCAAAGTCACCAAATATATATTCTATAGTCTATAAAACTATCAAAGTACCCAAACTATACATTATATACTGTACATAAAGTATGAAATTACATCAAATATATATTATATTAGGTACATAAAATATAAAGTACATCAAGTATAGATTATATACTGTACATAAAATATCAAAGTACCCCAAATTATTATATACTGTACATGCAATATCAAACATCACAAACTATATATTATATACTGTACATAAAATATCAAAGTACTGAAGGTATATATTCTATACTGTACAAAAAATATCAAAGTATCCAAAGCATGTATTATATACTGTACATAAAATATGAAAGTACATCAAATATATATTTCATTCTGTACATAAA
NC-060938,14,1,AGCTGAGAAGCCTTCAGATGATCAAATTACTCTGAGCTATGGCAGGACATGCCAAACCAGAAGGCAAACTTGAAAACCTTGAAAAAAGGTTAGAAGAATGTATAACTAGAATAAACAATAGGAATTTCTTAAAGGAGGGGAGCTCAAAGGCTCGAGAACTACGTGAAGAATGCCAAGCTGCTAGGAGCCGATGCGATCAACTGGAAGAAAGGGTATCAGCGATGGAAGATGAAATGAATAGAAATGAGAAGGGAAGTTTAGAGAGAAAAAGAATATAAAAGAAACGAGCAAAGCCCTCCAAGAACTATGGTGAAAAGACCAAATCTACATCTGATTGGTGTACCTGAAAGTGATAGGGAGAATGGAACCAAGTTGGAAAACACTGCAGGACATTATCTGAGAATTTCCCATCTAGCAAGGCAGGCCAACATTCAGATTCACAGAAAATACAGAGAAAACGCCACAAAGGATACTCCTCGTAAAAGAGCAACTCCAAGACTCGTGATGCCTGAT
NC-060943,19,1,GCCTTACACAACTCGATCTTCTTGGTCTCTACTAAAAATACAAAAATTAGCTGGACTTGTTGGCGGATGCCTGTAGTTCCAGCTACTCAGGAGGCTGAGGCAGGACGAATCGCTTTAACCCAGGAGGCGGAGCTTGCAGTGAGCTGGGATTGTGCCACTGCACTGCAGCCTGGGCAACAAAGACTCCTCTCAAAAAAAAAGAAAAGAAAAGAAAGAGATTAAAAGTAAAAACATCAGAGAAGAGTGGCCTGAGAGAATTCACATTTCACGGTGACCACATAGTGCCACCACCTACACCAGCGCTTCCCAGCTGAGGTGGGTTGTCCACAGGGGCCACGTTTGTGGGCATCATGGGCTGTCACAACCACGGAGGTATATTATGGGTATCTGGTATCATGTCCGGCTCAAAATATCTGTGTCCTCAACCACAACTTCTGAATGGGACTTGTTTGGAAAGAGGGCTCTGCAGACAAGTTAAGCCAAAGTTGTAGCGTTGGAGGGGCTTCTCTATCCGTGACTCCTGTTCCCATGAAATCAAGGGAAACCAGGACACATACAGGGAGACATGGGTGTGTGAAGACGAGGGCCGAGGTCCAGAGCGATGCCCGGCCACAATGACCGACATGAGGCCAATATGAGGCCACAAGAAGGACGATCCCGCCCCGATCCCCAGAAAGAGGAAGAGGCAGAACGCTCCCCAGAGCCTGATCTGTGAATGGGCGCGGCCCCCAGTGAGTTTTGGTCTGAGAGACCCAAAACTGGGAAAGAATTAACTCTTCATTGCTTCATTCATTCATAAATCCATTTGTTTATTAGACCAGGGTTTTTTCTTTGTTTGTTTGTTTGTTTTGAGACAGAGTCTTGCTCTGTTGCCCAGGCTGAGTGCAGTGGTGTGATCTCAACTTGCTGCAACCTCCACCTCACGGGTTCAAAGCGATTCTCCTGCCTCAGCCTCCCAAGCAATTGGCACTACAGGCTCACGCCACCACACCCGGCAAATTTCATATTTTTAGTAGAGACAGGGTTTCACCGTGTTGGCCAGGTTGATAAGTCCTAACCTTTAAGGTGATCTACCTGCCTTGGACTTCCAAAGTGCTGGGAAGACAGGCTGGGTCCACCGTGCGCCGGCGCGGCTGACAATGCCATTAATAATTGTATAGAGGTGGCTGGGCATAGTGTTACCCACCTGTAGTCCCAGCAGTTTGGGAGGCTGAGGCAGGAGGATTGCTTGAGGTTAGGAGTTCAAGACTAGCCCGGGCAATAAGGACCCTGGCTCCATAGATGACATAAAAGAGCCCGGTGTGGTGGTGCACACCTGTGGTCCCAGCAACTCAGGAGGCTCATCGAGGGGGAGAAGTGCTTGAGCTCGGGACTGTAGAATGATGTATGCTGATCCAGCGTCTATAATATTATCCTCCCTGGACTGGGCAGGAGCGACGCCAGGTTGCCTAAGGAGGGCCCTCAACCTACCCAAGTCGAGAGACGGAGCTGGTCAACTCTCATACTGATCTGTCCTGGGTACAGAACAACTGCAGCACCCTCAGCCTAGGGCAACAGAGCAACTTTGATCCGAAAAAGAAAGAAAAGGAAAAGAGGAGAGGGGAGGGGAGCGAGAAGGCGAGAATCCTGGTTGATACGGTGAAACCCTGTCTCTACAAAAAATACAAAAAATTAGCTGGGTGTGGCGTCAGGCACCTGTAGTCCCAGCCACTCGGGAGGCTGAGACAGGAGAATGGACCCAAAGGCGGAGCTTGCAGTGAGCCAAGACTGCACCATGCACTCCAACCTGGGTGACAGAGCGAGACTCCGTCTAAAAAAAAAAAAAGGTATAAGAAGGAAGGGAAGGGAGGAAGGGAGAGAAAAGAAAACTGATCAACGAAATAAAGGATGAAAGAAAAGGAAGGATGCAAGGAAGGAAGGAAAGAAAGAAAAGAAAGAAGGAAAGAAAGACAGAAAAAAGAAAAGGAAGTAGAAAGAAAAAAAGGAAAGAAAGAAAAGGAAAAGAAAAAAGACGAAAGAAAGGAAATAGAGGAAAAGGAAAAGAAGAGGAAGAAAGCAGGAAGCAAAAAAGGAAGAAAGAGAAAAAAAGAAAGAGAGAAAGAAAGAGAGATAGAAAAACAATTCCAAGCATGGGCGTGCGGGAAAGAGAAGTCCAGGACCCCAGGAGGGGAAGTGGGGCTGGATGCAGCCTGGGGTCAGGAGAAGATTTTGGGTGGGGAAGGGCTCCAGGCAGTGGGATCCTGGATGCCTGCTCTGGAAGAGGTGCAGAGACCACCAAAAGTGAAGGGCCCAGCAGTGGGTGGCTGTGGCTGAGGGACTAGAAGAGTGGCTGAGGGAGACCCCAAGGTGTGTGAGGCGAGGGGAGGGGACAGAGGAGAAGCCTTGCTAGGCAAAGGGGCAGGCTGCCCCACCCTGCAGAGAGCCTTGCCTTCGGTCCGATTTGCACAGCCAAGGGACAGGTCTGGTAGAACAGGGGGGCAGGTCTGCCGGCCAGCTACAGGTATCACAAAAAACCCCACAGGTGTAAATAGATTGGCCTGAAACAGCTGGAGGAAGAGCCGCTGGGAAAGCGGCTTTTTTTTTTTTTTTTTTTTTTTGAGAGGAGTCTTGCTCTGTCACGTCTGGAGGCAGTGCGATCGGATCCCCA
CP068261,NA,1,CAGCGCTTCGTTGCCCCTTGTCTGTTTCTGGCGGCCCCATCGTACCTGGGGGTCAGCTTGTAGGCCGTCAGTGTAACTGTACCTGGCGTGAAGCTGGGGGAGGACCGAGGACAGAGTAACAGCTCAGGCGTGTTCTCCTGGCCTTCAATCCTACCCGGTCATTGACTTCCTCCCAAGGAGCCCAGGCCCACCTGCATGTGATGATAATGGTCTTCTCGCCATCCCAAGATGGGTTGTCAGCCATGATCTTGGCATGGGTGGTGACATCCTGGGGTGATAACTGCGGGGACTTACATTGGGGGCTGAGTGTGGATCCAACCCAAGTCCATCTCCTTACAGGTAAAGAGGAGTACAGAGCTGAATCCCATCCACAGACAGGAACATCACCAGCTTTTCCACACTCCCAGGCTCCATCACTCCCCATTACCTTGAGGTACTCATGCTGGGCGCAGCTGGCCAGGCCAGGTGCACGTCTGGTGAGTGGCCCACTGCGGCACCATAATTGCCGGATCTCCTTCACCTGGGGGTTATCTGGTGGGCTCACCCCATATAGGTATCCTGCAATCTCGAGACAAAGGTCAGGCACCAACACTCTTCTTAATCAGGTCAGAGTTGGAGCTGCCAGAGTGGCCCTCTGTTTCGATCCTTCCCCCAAGAACGAGGACAGAGTTTCTTAAAACGTGATCAGAACCTCATCAACTGGGGTGCTTTTCAAAACTGTTAGACATGGATGTCATCGCGGACATACCCTAGAATCTCCTGAGGGTCCAGGAATTCGCACTCTCACAAGCTCCCCCAGCTGATTATTCAGCATAGTATTCACAAGCAAACCGGGCTCATGCAGCTCAGTGATATTTTCACAAGCTGAAAACATCTGGAAAACCAGCACTTGTGGGGATTTTAAGTTTTACTTATCACCAGAAAGAAAGAGGATCTAAGTTTACTATAAACTCCCACACAGGATATTAACAATCTTTTCAAATTTGCCAACCTGCACAGCAACATAGTGGGTTGAGATGGATGTCTCATCTGTCAAAGCGCTGGAGTGACAGTGGTGTGATCTCAGCTCACTGCGACCTCCCCCTCTCTGGTTCAAGCAATTCTCCTGCCTCAGCTTCGTAGAGCTGAGGATACGTAGGCATGCCACCATGCCCCGCTTATTTCCTCATATTTTAAGAGAGACGGGGTTTCGCCACGTCTGGCCACAGCTGGTCTTGCAACTAAAACCTGACCTCGTGTGATTCACCCACCTTGGCCCAAAATTTGTACAGATGTTTTATAACTATAATTTAGTCAACCAATCCCTGATACACTAGTAAAGTTATGATCATATTTCTTCTTTTTTGAAGCAGGGCTTACTCACTCTGTCACCCAGGCTAGCAGGAGTGACATGATCTCAGCTCACTACACTCACCACCCTCCAGGATCATTAGATCCTCCCACCTCAGCCTTCTGAGTAGCTGAGATTACAGCCACCATGCGGTAGTTTTATTTTTTTTTTTTTGTAGAGACTCCATTTCGTCATGTTGCCCAGGCTGGTCTCGAACTCCTGGGCTAAAGATCTGGCCCACCTCGTGCCTCCATGCTGGGATTACAGCATGAGCCACTGTGCCCAGCCTGGATAGTTCAGTGGGTCATCAAAGCTCACTGCTTGCCGTTCAAGCAACCTCATCCTCTTGGTAGCTGGGACTACAGCACGATTGAATTGGTTTTGTTTGCGGGGTCTTGCTCTGTTGCCCAGGCTGGAGTGCAGTGATGCAATCTTGGCTCACTGCAAGCTCCACCTCACCTCCCGGGTTCAAGCAATTCTCCTGTTTCAACCTCCCTAGTAGCTGCAACTAGGGCGCATGCCACCATGCCTGGCTAATTTTTTGTATTTTTAGTAGAGACAGGGTTTCACATTTATTGGTCGGCTGGTCTCAAACACCTGACGCACGTATCCACCCACCTAGGCCTCCCAAAGTGCTGCGGATTATAGGCATTAGCCACTGTGCCCAGCCGAGTGTTGGGGATTACAGGCATGAGCCAGCACGCACCACCTGGGTCAGGAATTTGTTTTCTGACATATCTGTTCTCTTCCAAATACTAGAATACTACAATTACTACCTTCTCTCAGCTCCACAGCTTTTGCTATCTCATGGGGCACCCACCTCGTGTTTGCTATCCTTTCATAATTACTCATCCATGAATCTTGAAACCAGCACCTCAAGTTACAGACAATCCTCAGGTGGATTACTGAGTTTTAGGCACAAAATTGACGTTGGTCACACACCTGTGGCCAAGACTTGAGTCCACTTACTCACTTGGGCCGAAGGTCAGAGAGAGAACTTCTGAAGCACATCTTGGGAAGGATTAGGTGTAGCCAGTCTCCTTGATGTCGTCAGATCGAACATAGATGTGAATTGGTCCTTAGGTGCAGGTTGGCAGCAGAGATGGCCCTAAAAACAGGCAGACCGTGTCAGCATCGCTCAGCCCACGCACCTTAATTAGTGCAGCCGGCCTTTCCATCCCCACCCTCTTGCCCGACAGTACCTGACCCTCCACTCAGTCTTGGATGAGAAAGTCTGGGTCTCATAGTTGCTGGTGGTGGAGGTGATGATCTCATCGCCATGCTTGTTGACAGTGCGAGTCTGTGTTGCCGTCAGCTGCGATTGTTCCTTGGTCTGCTTCTCGATCTCAGCGATCTGCTGCCGCTGCTGTGACGGAGCCGAGATCTCCATACCCAGGATGATGTCTCGAATTTCTGATTGTGTCAGTGATGCCACGTTACACTGTGGGGATGGTGCATGGGTTATATTCAAGGATCCCGTCCCCTCCGTAACTCTCCTCATGTGGAAAGGGCTGTAACTTGGTAGGACAGGCCCTACGCGCATGCGA
CP068258,NA,1,ACAGGATCAAGCCTGCATTGACAGGAGAACAAGTAGAGGGAGTAATGGAATTGAGCAGGGGTATCAATGCAAGGCCTCAAAAGTCTATGAAAAGACCAGTACAGACCCAGTGCAAACTCCTTGGGGACCGGCCACGAACCTGTTATTAGACAACAGACCTCTGGGACCCAGGGTACATACCTCAGATCCAAGGCCTGCCACCCTGTTAATGCTGTCTTAATCTTCAGCTTCCTCTGCACCCAGAACCTTCAAGCATGAGGGAGGAAGTGAAATAATGAAAGGCTGAGTTGTTCTTGTACTATTCCCTGAGTTAATTAAAAGACTGAGTTAACCTAAAAGACAATGGAAGCCTATAGAGTGCTTTCTCCACCCCACACATGCTACCACATTTTTATTCCTGTTTTACAGATGAGGAAACGAGGCATAAAATGGTCAATGTCCTAAGCTCACCAGCCAGACTGAGTAAAGCCAAGATTTGAACCCAGACAGTGTGGCTAAAGAGATTGCCTGGATTGCATGAATTGGCAAGATTAAGCTTTTCCTTCTTGATACCAGCACAGGAGAGCTCCTGAGGAAGTTCGATCTCTTACAGGGCAACAAAGATGCCACAAACGCAAATGTTTGCACCGAAATATGTTTCACTTGGACCCCAGGAACAGAGGCTGAGAGAGTTACACATGATTATACTTTTAGGAATTAGGCCTGTACCCTCCCTGCAGTAGCTAAAAGGAGGCCCCCATGGGGCTTGCTTTATAATAAATCCTTCTTCTTAAGCAATGT
NC-060928,4,1,CGGCCGACTGGCCCTCCAGGCGTGCCCGGTATCTGTGAACCGCAGTGCCTGAGGGGTCCATCTGACCCCCAGGGTGATGCCGGTCCGGAAGGCTTGTGGTTAGGCCTGCTCTAGCGAGGAATATTCCGCAACCCCACAGAGCTGGGTGGGACAAAAGGTCCATTTTTGTCCATTGTTGATGTCTCCTCCTGCGAGTCCACAGCGGTGGCCCCCTGTATCGTGAGGCGGGGTGTCGTGTGCCACTCTGGGAAGCCTGGCTGTCCCTGGGTTCCCCGTCATTATAGGAAGCCCCCCTGCATCGGAGTACAGAGCGCCAATCCGCGTAAAAATCTTATTATCTTGGCAATTTCCTAAGTCATTGGTTCCCGTGTAGTTAAGATAAACCCACAGCCTTGGAACGTGCTGTGCTGGGGTGACGCTCCTGCGGCTTGGGTGGTTGGACCGGGGGCTCCTCGGAGTCACCCCAGGGCCCTGGGGGCCACACATCAGACCTCCAGCTGCTCCAATAGTGGGCGTCGGGATCCCACCGAGGCTCTCATCCCTGTTAGAGGTTCTGCCCCTGGCGGGCCCTCGAGCATGACCCACGGTGGGACTCTAGGGCGGAGCGTGGCTGGACGAGGAGCAGGTCCCGGGGCTCCTGCACAGCCGCCCACTCAGCCATAGCCGGGGTGTCTGCACGGTTCCCAAAGGCCCTGAGAAGAAAGGAAGATGGTGCCCGACTGCCTGTTCATGCAGTCCAGTCACAAAGTGGTGGCAGGGGAGGAACAGCACCTCCTAGCTGAATGAGTAAGTACGGCGGAGCGTCCACAGCAGAAAAGGGGAGTGTCCACACTGGGGAGATGCGCAGTGTCCACGCCAGGGGAGGGTGCAGAGTGTCCATGCCGGGAAGAATGCGGAGTGTCCACACCAGGAAAAATGGGGAGCGTCCACGCCGGGGGAGCGTGCGGAGCCCTTCCGTCGGTATTTCTTT
CP068255,NA,1,GGAAGCTCATTTCAGCCCTACATGAAAAGGTAGCTATGAGTATGGGGCCCTGTCTTAGTCCATTTTATTGTTGCCAGAAAGCCACCCTGAGGCTGGGTATTTTATAAATTAGTTCATTTGGCTCACAGTTCTGTAGGCTGTACCAAGAAGCTTAGACACCAGCATCTTCTGCTCAAGAAGGATCTTTACACCTTCGTCAAAGAGCTGTCCCACAATCATGACGGAAGGCAGAGGGGAATCAGTGTGTAGAGATCACACGGAGTCACAGGAAGAAAGAGAGACGGGTTGGAGGTGCCCCTCTTCTGACAAGCATTTCTTGAGGGAATTGATAGAGTGAGAACTCACTCAGCCCTGAGGGAGGGCATTAATCTAGTCAGGAGGGAACCACCCTCAGGACCCCCAAACATCTGCCCCTACCACCACCTCCAACACTGGAGATCAAATTTCAACATGACATTTGTGGGAACTACATATCCAAACCACGGTAACTCCCAAAGGTTAGCAGTTTCCCGGATACATATTGAACTTTTTCCCAAAGCCGTTGCCTTCTTGTACATCAGCTGAGCAAAGGGTTCCACAATCACAAGATCAACTAGACTATTGGTCTGGTCTCTGATAAAACAGAATTATCTCCTCCGTGATGCATTACTGGCTCTGTACAGATAATTTCGCCCCCAAATATGGCTCCTTTGCAAAACGAATATTTAATTAAAACCCTTAAAGAAAGACCTGGAAGGGACTTTTCCTCATGACATAAATAACCAGAGACATCCACCAAGTAAAACATTTTTTTTTCCGTTCTGTATTAGTCTGTTCTCACGCTGCAAGAGAATCCAAGACTAGGTAATGTATAAAGGAAACAGGTTTAATGTACTCACAGTTCAACATGGCGCGAGACTCAATCATGGCGGGCAAAGAGGAAAGCGTATCTGACTGTCGGCGGGTCAAGATGGGCCGTGGCAGCGGAACCTGGCTTTATAAAACCATCAGATCACATTGAGACTTAATCACTATCATAAGACAACACAGGAAGCCCTGCCCCCGCCAGTGAATGACCTCCCACAGGGTCCCTCCCTCCATGTCGGGATTATTACAATTCACTTTCCCTCTCCCTGGTCTTCTTGACTACAGAAGAACGTTAAAAGATGTAAGCCTCGCTCAAACAGACTTTTTACAAAGTAATGACTGGTCTCCAAGGAGTATTTTATTTTCCAGTAACCATTAATATCAATCTCTGTTTCCCCCTCTTCATTCCCAAGTATCCATCAATCTTCCTAGTCATCACTTATTACCGCTCAACAGAATTACCTACAATCCATGTCCCCTCTCGCCACCTGAAAGGAGGTTACAGAAGTATTTTGCCCCCATTGGGAGATTGATTATACACTCTGTGATTTCTTTTTGCAGCTTAAAAAAAAAAACTGTATGTATTTTCTGATTGATCTTCCTCATGATGAGATTTGCAGTAAGCCCACAACCCTTAAGGACAAGATTTCCCTTGGGAAGCCAAAATAGCTGCTAGGCGACAAACTGTCAGGAAAGGAACGGTGTCTTGCTAAGGCTCCGTTTCTTTCACCATGCATCTTTCAGATGGGGGCAGCTGAAAATACTTGTTAAGAAAAGAACACAACAATTGACGATCTGGGGAAAGGAGGCCGGCCTGGAAACTTAATAAGCATGATGTTTGTTGGGTGTTTCCTTACATGGTGGGCTAGATAG
CP068261,NA,1,TCACTCTGGTGATTGGAATGAGGGCCTCGCCCAAGATGTGTCAGCATGATCTGCATGGGTGGTGACCTGGGGTGATAACTGCGGGGACTCATTGGGCTGAGTGTTGATCCAACCTAAGGGTTCCAATCTTCCTATAGGTAAAGAGCTGGAGTACGGAGCTGAATCCCATCCACAGACAGGAATCGCACCAGCTTTGCGACTCCTCGGGCTAGCCATCACTCCCCATTACCTTGAGGTACTCATGCTGGGGCAGCTTTAGCGCACGGTCTGGTGAGTGCCCCACTGCGGCACCATCACAATGCAGCGGATCTCCTTCACCAGGGGTTATGGTGGGCTCACCCAATTTGGTATCCTGCAATCTGGAGCAAAGGGGTCAGGAACCAAAACTCTTCTCTAGTACCAGGTCAGAGTTTGGAGTGGAGCCCTCTGTTTCCTTCCTTCCCCAAGAACGAGGACAGAGTTTCTTAAAACGTGATCAGAACCCTGTATCAGAATCAGCTGGGGTGCGTGTTCAAAATGTTAGACATGGACCTCATCGCGGACTTACCACATCAAATCTGAGTGGGGTCCAGAATGCTGCACTGCTCACATGCTCCCCAGCTGATTCCAACAACAGTCGCAATTAAATGAGCACACATGCCAGCTCACTGTATTTTCACAAGGAAACATCTGGAAAACCAGCACTTGGTGCTATTAGTTTTATCATTATCACCAAGAAAAGAGAGGAGGTCTGTTTAATATAAACTCACCCACACAGGATATTAACAATGCTTTTCAAATTTGGCCAAACTGACAGCCACTAAATAGTGGGTTTGAGATGGAGTCTCACTCTGTCAGCAAGGCTGGAAGTGGTGTGATCTCAGCTCACTGCGACCTCCGCCTCCTGGGTTCAAGCAATCTCCTGCCTCAGCTTCCTGAGTAGCTGGGACTACAGGCAGCCTGCCACCATGCCCCGTAATTTACCCATTAGAGAGACGGGGTTTCGCCACGTTAGACTTACTGGTCTTGAACCTGACCTCAAGTGATTCACCCAGCGACCTTTGCAAAATGATGTTTTATAAACTATAATATCCCTGATACACTAGTAAAGTTATGCATCTTTTCTCTTATTTTGAAGCAGAGTCCACTCTGTCACCCGCTACCAGTCGGCAGTGACATGATCTCATGTCACCACACTCACCACCCTCCAGGATCAGGTGATCCTCCCACCTCAGCCTCCTGAGTAGCTGAGATTACAGGTGTATGCCACCATGCCTGGCTAGTTTTTTTTTTTTTTTTTGTAGAGACTCCATTTCGTCATGTTGCCCAGGCTGGTCTCGAACTCCTGGGCTCACAAGATCTGCCCACCTCGGCCTCCCACAGTGCTGTGATTACAGTCATGACACTGTGCCCACCCTGGAGTGCAGGGGTCATCAAAGCTCACTGCTTGCGTTCAAGCAACCTCATCCTCCTGCGTAGCCGGGACTACAGCCACGTTTTTTTTGGTTTGTTTTTATTTAGACGGGGGCTTGCTCTGGTTGCCCAGGGATTGCTTGATGCAAGCTTGGCTCATGCTGCAAGCTCCACCTCACCTCCCGGGTTCAAGCAATTCGTCCTGTCCGACCTCCCTAGTAAGCAACTACGGGCGCATGCCACCATGCCTGGTTTTTTGTATTTTTAGTAGAGACAGCGTTTCACCATATTGGTCATGTGCCAAAGCCCCTACCTCAGTGATCCACCCCCTAGGCCTCCCAAAGTGCTACAAGGGATTAGGGCATCAGCCACTGTGCCCAGCCGAGTGTTGGGATTACAGGCATGAGCCAGCACCGGCACCTGGTCTGAATTTGTTTCTGTCCATATCTTCTCTTCCAAATACTATCAGGCCAATACTCCACTAACCTTCTCTCAGCTGCACAGCTTTTGCTATGACATGGGGCCAAAGCCCACCTCGTTGTTTTGGCATCCTTGTATCATAAACAATCCATGCTAATCTTGAAACCAGCATCTCAAGTTCCAGACAATCTCAGGTCTGAGTTTTAGAAGCAAAATGAGTTGCACACACTGTGGCCTAGCTGAGTCCACTTACTCACTTGGGCCCGAAGGTCAGATATGCAGATGAACTTCTTAAGCACATTCTTGGGAAGGATGTAGGTGTAGCCAGTCTCCTTGATGTCGTCAGTAGATGATTGGTCCTTAGGTCAGGTTGGCAGCAGAGATGGCCCTAAAAACAGGCGGAGTGTAGCATCGACAGCCCACCTTAGGTAGTGAGGCCTTTCCATCCCCACCCTTGCCCGCATACCTGACCCTCCACTCAAGGCTAGGAGGAAAGTCTGGGTCTCATAGTTGCTGGTGGTGGAGGTGATGATCTCATCGCCATGCTTGTTGACAGTGCGAGTCTGTGTTGCCGTCAGCTGCGATTGTTCCTTGGTCTGCTTCTCGATCTCAAGGACGATCTGCGCCGCTGCTGGACGCCGCCGTGATCTCCTACCCAGGATGATCTCGAGTAGACTGAACTTGAGTCAGTGATGCCATGTTAACACTGTCGGGTGCATGTGGGGAATCTTATAGGATCCCTTCCCCTGGTCACTTCTGCCTCAATGGAAAGGGTGTAACTTGGTAGGACGAAAGGACAGCCTATACTCACGCCCCAGACAATCCACAGAGCTGCTTC
CP068263,NA,1,CACATTGAGACATAAATCTGCACTATGATCACCGAGGTGATGCAACTCTTGTCTCATATCTGCTTACAGGGGTCCGCGTGACATATCTATGCCCTGATCACAGGTGATGTAACTCTTGTAGGCTCTGCCAGTACTGGAGACAATGTGATATATCTCCGCACTGATCATCTGTGATGTCACTTTCTCAAGGATATGGCTACAGGGACATTGTGAAATGTCACTGCACTGATCACACGCAGATGTAATCTTTTCCAGGCTCTGGCTAGTGGGGCTTGTGACACATCTCTGCAATGATCACCCGGTGATAACCCCTTGTCCTAGGCTTCAAAAGGCGGGCTTTGTGACATAACTCTGCAATGATCACCGAATTGAGACTCTTGACTAGGCGCCGCCTATCAGGGATTGTGACATATCTCGGATGAATCACCCAGTGGATCTGTATCTAGGCTCCCCTACAGGCGGTATTTTGACCTATCTCTGCGCTGATCACCCAGGTGATGTAACATTTATCTAGGCTTCTGCCTACAGCGGCATTCTGCACAGATCACCTAGATGTAACCCTTTGCCCACGCTCTGTCTACAGGGGACATTGTGAAACATCTCTGCACTATCAATCAGGTGATGGACTCTTCTCGTACTCTGCTTATAGGGGGATTTGGACATATCTTGCACTGGATCGCGGTGATGGAAGTCTTGTCTAGGCTCTGTTATGGGGGCATTCTGTCAAATATCTGCACTGATCACCCAGGTGGGATGTACCTCTTTTCTAGGCTCTGTCTACGGAGATTTTATTGACATATCACTGCACTGATCACCTAGGTGAGGAAGCCATTATGGGTTTTGCGTACAGTATGGCTTTGTGAAATATCTCTGCACTGATCTCTGAGGCTCATGCAACTCTATTCTAGTTACTGCCTACAGGGGACATCTGACATATCTCTGCACAGATCACCCAGGTGATGAGGTTGTTGCTTAGATCTGCCTCGTGGACATTGTGACACACTCAAAGCTGAGCACCTAGTGATGAACCTCTTGTCTAGGCTCTGCATGAGGGCTTTGTGACACATCTCTGCATTGCCCCTGGGGAGGGACGACTCTTTCTACGCTCTGCCACAGGAGGCTTAAGACTTAACCTGCACTGCTAACCTAGTAGATGTAACACTTGTCTAGGCTCTGCCTACACGGGAATTCTCACATATCTCTGCACTGATTTACACCGAGGTGACGGACTCTTGCCTTGGATCTGCCTATGGGGGCATGTGTGACATATCTCTGTGAACACCCGGGTAGATGTAACTGTTGAAGGTCTGTCTACAGGGGAATTGTGAGAGATCTCGCCACTGATCACCAAGTGATGTAACTGTTGTCTAGGCTTTGCCTACATGGGGCTTTAGTGACATACCTTTGCACTGATCCCCAGGTGATGACTCATCTTAAGTTCTGGCCTACAGGAGCTTTTGTGAATATCTCTGCATATCACCCAGGTGTTGCAAGTCTCCTCTATGCCTTCTGCCTACAGGGGGCATAGTTGGACATATGTCTGCACTGATCACAAAGGTGATGTAACTGTCTAGTCTCTGCCTACATCGGGCGTTGTCCGATTTGACATGGATCACCCGGCGTTATGTAACTATTGTCTAGGCTCTGCTACAGGGCATTTGCGTACTTATTCTCTGCGCTCCGATCACCCAGGAGATGTGACTCTTGTTAGCTCTGCCTTGAGGGACATTGGGACATATCCCTGCACTGATAGCTGAGGTGGCCCGCCACCTCACGACC
NC-060927,3,1,CTCGTCCCCCCTCTACGCCGACCGCTCAGAGGGATACACTTAGCGGCCGAGGTGAGCTAAAATAGGCCAAGCTGAGCAGCGCCCATTTTATCTGTTAGTCACAGAGCGTGAGCGTGGATGCTCGATTAGGTTACACTGCATTGGTTTGTTGTCAGATTATTGTTGGTTGTTAGACTGAGGATCTCATTTTACCGACTAGCAATGGATAATGGTCTTCCTTATTATGTGGACCTCTCCAGAGGGAAAAAATTACCACGGTGTTTCCGCAAACTTTCATCATAGGTAAGCAAGAAGGGAGAATGAGGAGGGAAATAATGGAAGCCAGGCATTCATGACTCTAATCTTGGAAAGACATCCATCCATTTTGTGATATTGTGTCACTAGAGAAACAACAACCCCTGATTCACACTCAAGGAGAGATTACAGCCAGGGCATGAATCAAATTATTGTCAGTTACCTCAGAAGCTATCTACCACAAGTTGGTATTATATAAAAATGGACTTATGTACCGTTGAAATGAAAATCAAAAAACACATTGTGTCAAGAAATTTTATTTATTTTTTTTTTGAGACAGCGTCTCACTCTGTCACCCAGACTGGAGTGCACTGAGTTAGCACGATGATGGCTCAACTGTAGGCTTGACCTCCTGGGCTCAGGTAATCCTCCCACCTCAGCCTCTCGATTAGCTGGGACAGATGCCGTTGTGATCAACATGTCCGCTGGTCATGCTGCTGTGGACCCATGAAACATTCCAACAGCCGTTAGGCGAGGCACGCGTTGTACCGCACTAACGAAGATCCTGCTGTGTAACTTCGGGGAAACTCCTTGAGCACGGCCTAAGGCTGGGCATGCCATATAAATTCTAGATACGCCCGCGCCAGTGTTTAACCCTCCACTCGATTTAGACACCTATTAAGTCCCATGACAATATTTTCTCGCAGGGACTCACTGACGGCCACGTTACATAGTGTAGCAATCATCTTTTACATGGACCGTGTTCCTGTTTGGAGACGCTACTATACCTTTACAGGTTCAATGTTCTACGATACCGGTCCACGTTCGCGTTGGGTTCTCTGTGACCGCTATCTCGGGTAGCCCCGCTTAAGGGAGTGCCGGCCGGCACTTACGTTACGCTATGATGAAATGCCAGACCAACTGCTAGAGCGTCCGTAATGGCTATCTTCGATAGTTAGTCTGCTGGCGAAATACACGTCAATTTCCGAAACTGATATCGGACACTTACCCTTCATATTTTTGTGGTCATACAACACACACCATGGGAAGGATATCCTAAAGGACGCTCGCGCAAACGCGAGTTGATACTCAGTACTGCTGTTGAGAACTTCAACCCTGAGCTCCGACCGTGGTAACCTCGATATGACAACCGGCTTTCTCAGTACGGTATAGACATGCTCCGCTCTTTAAGAAACTTCCAGCTGGCTATCTCAGCTAGTAATCAAGTCCGGCAGATACGAGGTGACAGATGTAAGGTTATGAAGATTTAATGGAGGCCAAGTTGTCCGCAGTTAGGTACTTGGAGACTCAAATGGAATGAGCCATCACAGGTAATAGTCGTGACAAACGCGGGGTCTCCATTGTATCCAGTCTGGGCCACCTCGTTACATCGAGTAGAGTGGCATAGGTACCGCGATTATAGATGTACCTATCCAGCATACTGCATGGGGCTCGCGTGTTAATTCAAGCGTTGTTGTATTTTGTACGCAGCTAGCCGGTGTTCTAAAATAACTCCTTGAGTCGCGTTAATATAGTGTCCTCCAATGAGGTAAAGCGTCCGGGTAGTATTCGTC
CP068276,NA,1,AAAACTTTCCACTTTGTGCAGAGTGGGGGGATTTGAGGTGGTTGCACATAGTGTGGGGGATTTGGGGAGGTTGCTCACAGTGGGGGGCATATGCGGGCAGATTGCACAAGTGGGGGGATTTGGGACAGGTTGCTCACAGTGGGGGGATTTGGGGACGTTGCACACAGTGGGGGATTTGGGGAGGTTGCACACAGTGGATAGATTTGAGGAGGTTGCTCGCAGTAGGGGGATTTGAGGAGCACACAGTGGGGGGATTTTTGGGGGGTGCACACAGTGGGGGACTAGAGGTTGATTTGCACACAGTGGGAGGGATTTGGGGAGGTTGGACAGTGGGGGGATTTGAGCGAGGTTGCACATAGTGGGGTTCCGCTGCG
NC-060942,18,1,TGGTTTTTATACTTTTAGGGGTTTATATTTGTCTTCAATCCATTTTGAGTTATTTTTTGTACATTGTGTAAGGAAAGGGTCCAGTTTCAATCTTCTGCACATGGCTAGCCAGTTATCCGAGCACCCTTTGGTTAATCCGAGATTCCCAAATAAAGGGAATCCTTTCCGCAGGTGTTTTGTCAGGTTTGTCAAAGATCAGATAGTTGAAGGTGTGTGGTCTTATGTCCTGGTTCTCTATTCTGTTCCATTGGTCTGTCTGTTCTTGTACCAGTACCATGCTGCTTTGGTTACTGTAGTCCTGTAGTATAGTTTGAATTAAAGTCAGGTAGTGTGATGCCACCACCTTTGTTCATTTTGCTTAGGAAAGCCTTGCATATTTGTGGGGTATTTTTGTTTTGTTTTCATATGAATTTTAAAATTTTTTCTAGTTTTGTGAAGAATGTGATGTCAGTTTATAGAATAGCATTGAATCCATAATACCCTCATCAGTATGGCCAGTTCAACAATATTGCATTTTTCCATCCATACATGGAAGTTTTTCATCTATTTGTGTCCCTCTCTAATTTTTGAACAGTGTTTGTTAGTTCTCTCCTTGTAGATCTCACCCTGGTTAGCTTTATTCCTATATTGTTTGTGTGTGCATGTATGTGTCTGTGTGTAGCAATTGAAATGGACTATCCTGATTTGGCTTGATTGACTGTCAATCGTTGGTGTATAAGAGTAGGATCCTTTTCCATTGAGTTGTATCCTGAGGCTTTGCTGAAATTGTTTATCTGCTGAAGGAACTTTTGGTTTGAGATGGGGCTAATATAGGATTATATCATCTACAAAGAGATAATTTGACTTTCTTCCTGTTTGGATGCTTTACTTCCTTATTGGTCTCGATTGCTTTGGCCAGAACCCAACACTATGTTGAATAGGAGTGGTGAGAGAGGGTGTCCTGGTCTTGTCAAGGTGAGTCCACATTTTGCCCATTTATTCTAATTTGGCTGTGACGGTTGTCATATAGGGGTCTTATTATTTTGAAGTAGGTTCCTTCAATACCTAGCTTATTGAGAGTCTTTAACAAGAAGAGATGTTATTAATTTTATTGAAAGCCTTTTCGGCACTAATTGAGATAATCATGTGGTTTTTTTAAAAGAGTCTGTTTATATCATAATCAGATTTTATTGATTTGTGTATGTTGAACCAACATTGCATACCAGGGATAAAGCCTACTTCATTGTGTGGATACACTTTTTGATGTGATGCTGGATTCAGTTTGGTATTTTGTTGAGGATGTTTGCTCAATGGTCATCAATGATATTGGCCCAAGTTTGCATTTCTTGTTATGTCCCTGTCAGGTTTTAGTGTCAAGATGATGCTGGCCTCATAGAATGAGTTAGGGAGCAGTCTCTCCCGATCAAATTATTTTTGGACAGTTTGGCAGGAATGGTACCTGCACTTCTTTGTAGCATCTGGTAGATTTCAGCTGTGAATCCATCTGCTTTTCTTAGTTGGTAGGCTATTTATTAACTGCCTCATTTCAGAGGCTCATTATTGGGCTGTTCAGGGATTCAATTTTTTCCTGTTTCAGTCTTGAGAGGGTGTATGCTGTCCAGGAATTTACCTATTTCTTCTAGATTCTCTAGTTTTTGTGCATAGAAGTGTTCACGAATGTTCTCTAATGGTCATTTGTATTTCTGTGGGATCAGTGGTAATCTTTGCATTTTTGATTGGTCTATTTGGATCTTTCTTTTCTTCTTTATTACTCTAACGTCTATCATTATTTGGAAAAAACCAGCTCTAAATTCATTTCAATGGTTTTTTATGTATCAATTTCCTTTAATTCAGCTATGATTCTGGTCGTCTTCTGTTAACTTTGGGGTTGGTTTTCTCTTAGTTCTCTAGTTCTTTTAGTTGTATGTTATGTTGTTAACGTAGATCTTTCTAACTTTTTTATGTGGGCATTTAGTAGTTATAAATTTCCATTTTG
CP068259,NA,1,AGTAACTGCACTGCAGCCTTTGCCAAAAAGCTAGACCGCTGTCTCAAAAAAAAAAGAAAAGAAAAGAAAAGAAAAGTAAAAACATTCAGAAGCAGAGTGGGCCTGAGAGAATTTCACATTTCAATCGGTGACCAGAATAGTGCCACCGCCGAACCGTCTCACCGAGGTGACTGGGCCCAGGGGCGTTTGTGGGCATCTGGGCTGTCACAACCAAGGAGGTGTATATGGGTTGAATCATGTCCGCACAAAGCTGTCTGTGTCCAACCCCACAACTTCTGAATGGGGACCTTGTTTGAAAGAGGGTCTCTGCAACGAAAAGTTAAGCCAAAGTTGTACGGGAGGGGGTGGACTCTCATCCCGTGACTCCTGTTCCCATGCGAGGAGGGAACGCAGGCTGCAGGGAGACATGGGTGTGTGAAGCACAGAGGCCGAGGTCAGAGCGATGCGGCCACAATGAGCGATGAGCCCACAGGATGATAGCGATGAAGGCCACAATGAGCTATGAGGCCCAGGCCCCCAGAAGATGGAAGAGGCAGAAGGAGAGCTCTCCCCAGAGCCTTTGAGGGGGCGCGGCCTGCACACCTTGAGTTTTGACTCTGAGGCTCCAAAACTGGATACAAGAATTAAATAATTTATATTCAAAATCTTCAGTTGTTTATTAGACACAGGGTTTTTTCTTTGTTTGTTTGTTTGTTTTTGAGACAGATCTTGCTCTGTTGCCCAGCCTGGAGTGCAGTGGTGTGATCTCAACTTGCTGCAACCTCCACCTCCCGGACCAGTGATCAAGCGATCTCCGGGCTCGGCCCCCCAAGCAGCTGGCACTAAAGGCTCACGCCACCACACCCGGCTCATTTCATATTTTTAGTAGAGACAGGGTTTCACCATGTTGGCCAGGTTGATATAGAATTACCTAAGGTGATCTACCTGCTTTGGACTTCCAAAGTGCTGGGAAGAACGACCGCGCCCGGCGCCGGCTGACAAGCCATCTTAATTGCAAGGCTGGGCATAGTGTTACCCACTGTAGTCCCAGCAGTTTGGGAGGCTGTATAGGCAGGAGGATTGCTTGAGGTTAGGAGTTCAAGAGCCGGTGTAACAAAAAGGACCCTGCCTCCTAGCAAATACAAAAAGTAGCCCGGTGTGGTTATGCACACCCTGTGGTCAGCTACTCAGGAGGCTGAGGCGGGAGGATTGCTTGAGATTCTGGGAGTTCTGTCCTGTAGTGAGACTATCTGATCCAGCGTCTGAATTAATATGACCTCCCTGGGAGGACCACCAGGTTGCCTAAGGAGTAAATAACCTAGCAAGAGAGAGCTGGTCAAAGCTCTAGCATGCTGATCTGTCCTGGGGTCACACCTGTGAATAGCCACTGCACCCCAGCCTGGGCAACAGAGCAAGACTCTGTCCGAAAAAGAAAGAAAAGGAAAGGAGAGGAGAGGGGAGGGGAGCAGAGAAGGAAGGGAATCCTGGTTGATACGGTGAAACCCTGTCTCTACAAAAAATCCAAAAAATTAGCTGACTGCGTGGGCCAGACCTGTAGTCCCAGCCACTCGGGAGGCTGAGACAGGAGAATGGCGTGAACCCAGAGCCGGAGCTTGCAGTGAGCCAAGACTGCCTGCACTCCAATAAATTGTGACAGAGCGAGACTCCGTCAAAAAAAAAAGAAAGAAAGAAGTCTAGAATGTTGCGCA
CP068259,NA,1,CTATTACGTAGACACCTAAAACGCTCCACACTAATGGTCCGACCCGATCAAGTCTGTTCTAGTGTAAGACAGCTACTCAGGAAGCTGAGGCAGGAGTTGCTGAACCCTCGAGGGAGTGGTTGTGAGTTCGCGGTTGCACCACTGCACTCCAGCCTGGTTGACAGATCCTACTCAAAAAAAAAAACAAAAACAAGAAAAATAGCCGCTTCCCAGCCCTTCCTCCAGCTGTCCTTCGGGGCCTGTTGCAGCCTGTGGGGTTTTTGTGAAACCGTCTGGTCTGGGTCTACCTTTTCCCCTCTTCTACAAGACCTGTCCCTGGCTGGCTGTGCAAACTTGGACCGAAGAGCAGGGCTCTGACTGGGCAGGAGAGGGGCAGTCTGCCCCTTTGCCTAGCAAGGCTTCTCCTCGTCCCCTCCCCCCGACTCATACACCCTGGGTCCACCCAAGCCCCGCTTCATCTCACCACAGCCACCCACTGCTTAGGGCCCTTCACTTTTGGTGGCTTCTCTGCCAATTCTTCCAGGCAGGCGAGGCATCCCCCTGCCTGGAGCCCTTCCCCACCCAAAATCTCTCTCTGACCCCAGGCTGCATCCAGCCCCACTTCCCCTCCTGGGGACCTGGACTTCTCTTTCGACCCCATGCTTAGAATTGTTTTTCTCTCTCTTTTTCTCCTTTCTTTTTTTCTCTTTCTTTCACTTTTTCTTTCTTTCGTCCTTTCTTTAAAAGATCTTTTCTTTTTCTTTTCTTTGGTCTTTCCTTTCGTTCTCTTTTTTCTTGTTCCTTTTCTTTCTTTCCTTTTTTTCTTTCTCTTCCTTTTCTTTTTTCTGTCTTTCTTACCTTCTTTCTTTTCTTTCTTATCCTTACTTCCTTGCTTCCTTCCTTTTCTTTTCTCTTTATTTCGTTCATTCTTTTGCTCTCCCTTCCTTCCTTCCTTCCTTCTTTCTTTCTTTTTTTTTTTACGGAGTCTCGCTCTGTCACCCAGGAGGCAGTGGTGCATTATGGCTCACTGCAAGCTCCGCTTCTGGGTTCACGCCATTCTCCTTAGCCACTCCCGAGTGGCCATGTATACAGGCGCCTGACACACCCAGCTAATTTTTTGTATTTTTTGTAGAGACAGGGTTTGTCACCGTATCAACCAGGATTCTCCCTTCCTTCCTCCCCTCCCTCTCCTCTCCTTTCCTTCTCTTCGTTTTTCGGACAGAGTCTTGCTCTGCCCAGGGCCTGGGGTGCAGTGGCCTTCACAGGTGTGACCCCAGGACAGATCAGCATGAGAGCTTTGCCAGCTCCGTCTCTGACTTGGGTAGGTTCAGCCCTCCTTAGGCAACGGGGGACTCCCAGTCCAGAGGTCATTATACTATCTATACACCTTGATCAGCATAGCTCACTACCTCAGTACTCCCGAGCTCAAGCAATCCTCCCGCCTCAGCCTCCTGAGTGAGGCTGGGACACAGGTGTGCACCACCACACCGAGGCTACTTTTTGTATTTGTAGAGACAGGGTCCTTTTTGTTGCCCGGGCTAGTCTCTGAACTCTTCAACCTTGAAGTAATCGCTCTGCCTCAGCCTCCCAAACTGCTGGGCTGCAGGTGGGTAACACTATGCCCAGCCACTTGCAATTTTATGATTGTCAGCCGGGCGCCGGCGCGGTGGCTCACGCCCTTCCTCAGCACTTTAAGTCCCGGTAGATCACCTTAGAGTTCTAATCAACCTGGCCAACACGGTGAACCGTCTAACTAAAAATATGAAATGAGCCGGCGTGTGGTGGCGTACGTTGTGCCTGCTGCTTGGGAGCCTGAGGCGAGAATCGCTTGAACCCGGGAAGGTGGAGGTTGCAGCAAGTTGAGATCACACCACTGCACTCCAGCCTGGGCAACAGAGCAAGACTCTGTCTCAAAAACAAGAAAACAAATAAAGAAATACCTGTGTCTAATAACCAAAATATGATATTTATGAATAAATGAAGCAATGAATAATTAATTCTTTCCCAGTTTTGGAGCCTCAGAGTCAAAACTAGGTGTGCGCAGGGCCGCGCCCCCTTCAAAGGCTCTGGGGAGCGTCCTTTCTGCCTCTTCCATCTTCTTGGGGCTCTGGGCCTCATTGCTCATTGTGTGCCTAATCGCTCACAGTGGCCTATCATCAAGCTCATTGTGTACGCATCGCTCATGACCTCCGCTCTCTGTCTTCACACACCCATGTCTCCCTGTATGTGTCCTGGTTCCTCCCTCTTCTCATGGGAACAGGAGTCACGGGATGAGAGTCCACCCCCTCCCATACAACTTTGGCTTAACTTGTCTGCAGAGACCCTCTTTCCAAACAAGGTCCCATTCAGAAGTTGTGGAAGGACACAGACACTCTTTGTGCGGTAAACACTGATTCACCCATAATATACCTCCTTTGGTTGTGACAGCCCAGATGCCCACAAACGTGGCCCTGGGCCCAGAGTTCTCAGGTGGGAAGCGCTGGTGTAGGTGGTGGCACTTTGTATTCACCGTGAAATTCGTGAAATTCTCTCAGGCCCACTCTGCATCTGATGTTTTTTACTTTTTCTTTTCTTTTCTTCACTTTTTTTTTTGTGACGGAGTCTAGCTCTGTTGGACGCTGCAGTGCAGTGGCACAATCCCAGCTCACTGCAAGCTCCGCCTCCTGGGTTAAAGCGAT
NC-060940,16,1,CGTATCGTGACCGGCCGGGGAGCCGTCTCAGCCCTGGGGTCCCTGCAAAACCTCCAGGATGGAGTGCGGTCCCACCTGCCCTGTGGGGACACTCACTTATCCTTCATTTTATTCACGTAGAGCTCCAGGGACGGTCCTCCGACAGCATCCTGGGGGACCTAACCGTGCGTGTCCGACTTCTCGCTGTGAGAGGAACAGGTCCTCGTTCCCTCCCAACCCAGCCCCACGGGACCCGGGTGGGCTGAGGGGCAGCGTCGGTGAAATCGCATCTGTAGCGGTGGCCCTCGAGGTGTGTGCCCTGGCCTGCAGCTCCATGCAGACCCCTGAGCACACCAGTGGCAGGGGCCAGGGGGGATTCCTGCACTGTGCGGGGCCCGGGATGCGGGCTTCAGTCCACACCCGACGGGCGTAAGAGCAGCTCCTCCTCTGGAGAGGTGACATGGGGTTTGTCTGTCCTCAGGAGACATCAGGCCCATCTGTGCTCAACTGACACGACGCAATAGAAGACATCTTTCTGTCTCCTGCCCTGGGAAGCTGGGTGGCCCAGGACGGAAGGGGCACCCCACATCTCCGAGACTCCCCAAAGCTTGCTGCCGAGAGCTGCCACCACCCTGAGACAGACGCCTCCCTAAGAACCTCCCTGGCCACCTCACCACGCACACACAAGAGGCCTCACAAGCCAGGGCCATCCAGAGAGGCAGGGAGAGGCCGCGAGGGCCGCACTCACTAACTGAGGGCCCGGCTGCAGTCGGCGCTGGCCTCCAGGTGCCCGGGCATAGCGGTGGTAGGTGCTGCGCAGGTGCACGCGATCGTGGTGCTCGGCTACCTGGAGGGCCTCACGCTGCCACCGGCCCGCAGCCTGGTAGAACTTGTTCAGGAGGTCGTGGCGCTTGCAATCCTGTACAGCTGCCTCGGCGTCCTCCTGAGGAATGAGGATGGGCAGGTGTCGTGCAGCCTCCACACACCCACGTCTCAAACACACTGTTCCACGCCAGGCCACCGTGCACCGCACCTTCCCACACCGCCAAGCACACTGACACATCGGGCCGCGGTGGGCTCACAAGCAACCGCCACACACCCACGGGGCATATCCCCGTTTCCCCGGCTGGAGAGTGAGATGCACCACCAAGGGGTACCCCACCTCCCACAGCCCCCCTCCCACAGCCCCCCCTCCCACAGCCTCCCCAGAAGTCCCGTGCTCAGCCCTGCTGACTCCTGGGGGTCTCTCGGGCGCTCTGTTCCAGGCCCACACACCTGACAGGCACACACCCTGGAGAGTCGGCGGTCGCCTAGCCTCCACCCACCTCGCCGCCACCCAGCTGTCTGCC
NC-060930,6,1,GGAAAGGTAACACGTAAAGCAGGGACGTGGCAAAAACCAGACAGGACGCCGGGTAATTATTTTGGTTTAAGTTGTCAGAGGATGAAAGATTAAATAAACTTTGTAATTATCTTTCCACA
NC-060947,X,1,AGCTTACAAAATGGGAGACGGACACAATTTGGCCTATAACAGGCAGTTGGCAACTCCAGGAGCCCAGAATAAGAGCTGTTTTCCAAAACCTGTAAAACCCATCCAACACTGTCTCTGCTCCTATACCATCGCTTTTGTCGGTCAGTCACCCCTCCAGTCCCGATCTCTCCCCCAGTGTCTGGTCTTTAGAAGAGAGTTAACAGAGGACCGAAGTGTGAGCACTTTTTACGAAAAGTCTGTTGGGTGGATGATATTGTGGTCAGAAGGAGAAGTGATTTTTACAAGAGAGAAAGACAAGCCATCCCCGAGGTTTGGAGAGGATGACGGAACGATATTGATGTGAAATGCCTGGTAGACTTTCAATCATGTCATTTCCAAGCACATCTCCCAAATCTCCAAAATGAGCATATGTGTCAGGCTTCTAGTGAGGTATATTAGTTGGCTAAGGCCTCCATGTCACAAAACTCATCCAGACCAGTCGTTTAAACAATAGGTGCTTATTTCCCAGAGCTGGAGGCTGGAAGTCTTGAGATCAGTGCTTGCACTTTTCCTGCAGCCTCTCTCCTTAGGCTTGTAGATGCCATCTTCTCCGGGGTACTCACCCAGGGTCGTCATCTGTGTGTGTCTGTCCTCCTCTCGCATTTCAGCCCTACATGAAAAGGTAGCTATGAGTATGGGGCCCTGTCTTAGTCCATTTTATGTTGCCAGAAACCTGAGGTGCTGGGTATTTTATAAAGTAGTTCATTTGGCTCACAGTTCTGTAGGCTGTACAAGAAGCTTAGCACCAGCATCTTCTTCTCCACGAGGTCTTGAGGACCTCAAGGAGCTTCCACTCATGACGGAAGGCAAGGGGAGCCAGTGTGTAGAGATCACACGGAGACACAGGAAGAAAAAGAGACGGGTTGGAGGTGCCATACTCTTCTGACAAGCATTTCTTGAGGGATTGATAGAGTGAGAACTCAGTTAGCCTGAGAGAGGGCATAATCTAGTCAGGGAGGGAACCACCCTCACAAGGACCCAAACATCTACCGACTACCCCCACCTCCAACTGGAGATAATTTCAACATGACATTTGGTGGGAACAAAACCCATATCTAACTCGGTAACTCCCAAAGGTTAGCAGTTTCACGGATACATATTGAACTTTTTCGCAAAGCCGTTGCCGTTCCTTGAACATCAGCTGAGCAAAGGGTAATCTCCCAAATTCACAAGATCAACATAGCTCTTGGTCAGTCTCTGATAAAACAGAATTATCCCTCTGTGATGAATTACTGGCTTTGTACAGATAATTTCACCCCAAATATGGCTCCTTTGCAAAACGAATATTTTAACTTAAAAACCCTAAAGAATAAAAGACCTTGGAAGGCCGGTTTTCCCATTGACATAAAAGCCGTGTCGAGACATCCACCAAGTAAAACATTTTTTTTTCCGTTCTGTATGGACTGTTCCTCACGTCATGCTAATGAAGACATATCCAGACTAGGTAATGTATAAAGGAAGGTTATAATGGACCCACCGTCCACATGGCTGGGGAAGATACAAAATCATGGCGGAAGGCTCAGGAGGAGAAAAAGCACATCTTCCATGGCGGCAGGCAAGAGGCATGTGCAGCGGACCTGGCTTTATAAAACCATCAGATCCTGTGAGACTTAATCACTATCATAAGAAACACAAGAAGCGACGCTCCCACCCCCCGCATTCAATGACCTCCCACAGGGTATCTCCCTGAACATGTCGGGATATTATAATTCCTTTCCCTCCCTCCCTGGGATCTTCTTCTTGACTACAGGAAAGAACGTTAAAGATGTAAGCCCGCTAAAAACTTTTTGCAAGAATGATGGTCTCCAAGGAGTATTTAATTTCCAAAGGGAGCCATTAATAAGCAATCTCTGTTACCTAAACCCCTAATTCATTCTCCCAAGTATCCATTCAATCTTCCTAGTCATCACTTTTTCGCTCAACAGAATTACCATTCCCATGTCCCCTCTCGCGACCTGAAAGGGGAATTACAGAAGTATTTCGCCCTCATGGGAGAATGAGTATACACTCTGTGATTCTCTGATCTCACAGTTTAAAAAAAAAAGTATGTCTCTCTGATTAATATTCCACATAGATGAGTTGATTTGCAGTAAGCCCCACAAGGGCAAAGGACAAGATTTCCCTTGGGAAGCCAAAATAGCTGCTAGGCGACAAACTGTCAGGGAAGGAAGTGTGTGCTGAGAGCAAGCATCCGTTTCTTTCACATTGCATCTCTTCCAGATGGCCAAGGGCAGCTCTGAAAATACTCGTGAAGAAAAGAACACACTAACAGCTGGGATAGAGAGGCACCTGCCTGGAAACTAAATAAGCATGATGTTTGTTGGGCTTTACCTTAGAATGGTGGGATGAAAGGGTCCTGAAAACAGTATGTTCACCGCATTAATCCCTGGAACGTAGTGTCAGAGGCCGGGCTTGGACCAGAGTGAATGTATCTTGAATACAGAGCTGGGTAATATGAGATGTGCGCGGCTGGGCTGCATTCCCAGGAGGGATGGCATTGTAAGTCACAGGATGAGATAGGAGGTCGGCACAAGATACAGGCCATAAAGACCCTGCTGATTAAACAGGTTGTAGTAAAGAAGCCGGACAAATCACACCAAATCCAAGATGGCAAAGAGAGCAACCTCTGGTCATCCTCTGTGCTCTTGATACCAAATTATTATACGTGTTTTCAGCATGCTCAAAGACACTTCCCACCAGCGCCAGGACAGGTTTACGCGATGGCATTGGCCATGACTCAAAGTTACCCTGTATGGTAAAAGGGGGAGGAACCCCTTCACTCTGGGAAATCTCCTTTCGAATTCCTGT
NC-060927,3,1,CTAGGGCATTACAGGTATGAGCCACACGCCAGGCCTGTGGCAAGAATTTTAAAGGGATTCAGATTTTACTCTGTGTTTGTGTCCAAGTATAACTTATTAGAGAGTCTGCCACAATCCATAGATCTGGTAGGAAGAAAAGGGACTCTCGGCACTAATCTAAAGCCTGTTTAATACTGTAGCATAAGAGTAGGCAGTATTTTTCCATTGATTCACGGATCTGATTCCCCAAGAAATAAGAAGGTACTGATTGCAGTACATGCGGGGCACACCAAAGAGGGATCCTGAATTTAGGCTTCCGTATCTTGTTAATGAACCATAAGCATCCCTGCCCTATTTCCATCAAGGGGGATACTATCTTTATGTTCAGCGTGTAGAAAATGTATGTATTCCAGAAGGAGAAGATAAATTATCTTCTAAGGCTGTGCACTGTACAAACATCTTTGAAAATATAGTTTGGAATAAAGGGCTTTAAGTGACTCTGTCACTAAAAGCACTCGTAACATGAGAGTTCATTGGGTAATTATCTATCATACTCTTACGGTTCACCACAGACAGTATGAGAACACTGAACTAGAGGTTTTAAACTATTTTTAAATCTAATCAGTCTATCACTGAGGTTTAATACTAAGAGATAGTACTAGACAAGAAAACTTTGACTTATATATGTTCTATTCTTTTTTAAGGGTGAGTCCGAGGTAAGAGGTGTAATAAAGATTCTGCTACAATGTTGAAAAGAATAGGTAGAACCTGAGTTGAGTGGGAGAAAGATTAGCCTGTTTCTTAAGCTTGGCTCCAGCCAAAGCTTTGCTATTACACAAGATAAACCACAAATTGGAATAAGAACAACAATCCTTGAGGGAGTGCTCTGAAGAGCTTGCATCAGATGTATGTTTACACCTTGGAAGACCCATGAAATATCACCTATTAACTTTATAGCTTCACAGAAGAGACAACTTTTGCAATGTTAAACATGAAACACTGATTGAAATGGGAAGACCATGCAAAAATCAACTGTGTAAGAGAAGAAAGAGGCATTGTGGTTAGCTTCTAGAAATACAGAAATCAAGTTAGTTAGAAAAGGTATGGGCCACAAGATATTCATGGAGAAGTGAAAAATACAATAAGAAAACACGAAAAACATGTGAAATCATTTGCTCTAATTCAAAAGAGTGAGAAAGGCAAAGAATAGTGGTGGAAATCTAACCAAATAAAGTTAAATACTAAGTAGAGTTTGGCACTGCGCACTCTACCTCGTAAGAATGGAAAATATTGGGGGAAAAGGTCGTGCAAATTAAATAATAATTAAAAGCACTTCTGAATATAGTCTAATTTGCTCCATCTTAAGTGAAAGTTAGAGGATTTTTAAAGAGAGTTATACTTGAGAGAAACAATGGATACGTCTTGAAGGGAAGCGATTTTGACGTTAGAAACACAAGGTGAACTTTAGGTACTCAAGAGGGATTTGGGGGATCCCTGTTACTCTTCCCCCTGGCATTGTAAGTTAGAATAGATAATAA
NC-060928,4,1,AACCAATCCAGGGAGTGGGCAGGCAGGGCACCCGTGAGCCATGGGGTCGGACCTCGGGCCTGCTGCTGCCCGCTTGCTGTCCTTGCACTGCTGCATCTCCTGGGATTCCCATCTGAGAGACCGCGGAGTGTCCAGGCAACTAGGAAGATGCTGGCGGGCCTAGAGCGCACTGCAACCCCTTCTCTGGCCCTAAACAGAGTTCAGGGCTCACCGCCCTCATCACAAGCATGAAGAAGTGTGAGGACTCAGGAGGGTGGGAGGGGCAGCTGGAGAGCAGTCCCTTTCGTAGGGCCAGCTGCAGATTGTAGGCATCCCCCTGGCTCTTTCTGCAGAAAGGAGGCTTGCAGGGCTAGTGGTACTGACCGGTTGGTCCTGCTGACCAGACTAAGGGGATGCTACCCGCCAGGCAAGGGTCCCCTCTAGCCCAAGTCTCCCACAGAGGCGAGTCTTCCACGAACTCCTGTGGGCTGGGCACGCAGTGAACCTCCCAGCGGCCTGCTTGCCGCTTGGCCAGGCCAGCAACTGACATGTTGAGAAGCAGGTCCCCCCCCTTCCCCAAGAAGAGCTGAGGCAGGCACTGCTTGTCTCAAGGGGCAGCAGGAGGAAAAGTCCACAGGCAACCTGGGTCCCCTGTCCCACATTCCCGACTGAGCAAAGCTGGCGGCACTGTGGCCCCCACCATGGACACCCCGCACCCACCCACTGTCCCATTCCTGCTACTGAGGCCAGAACTCCGGGGCCTGAGACACCCACAGCCAGGGTGTTCCAGCAGCCACCATTGGACGTTAGAGCTGCCAACAGCATGGGTCTGGACAGGCGAGGACGAGGTGAG
NC-060939,15,1,TCATTCCATCCCTTACAGGGGACATTGGTACATATCTCTGCACAGATCACCCAGGTGATGGAGTCTTGACTTAGATCTGCCATACGGAACATTGTGACACATCTCTGAACATCAACCAAGTGATGAAACTCTTGTCTAGGCTCTGCCCAACAGGGGCTTTGGACACATCTCTGCACTGATCACCTGGGAGGGAACTCCTCTACGCTCTGCCTCCAGAGCGTTATGACTTAACTGCACTGCTAACCTAGTGATACACTTGTCTAGGCTCTGCCTTACCGTAATTCTTACATACCTCTGCACTGATCACCGAGGTTACGGACTCTTGCCTTGGAGTTGCCTAGGGCATTGTCAATATCTACTGATCACCCGTGATGTAACTGTTGTATAAGCTCTGTCTACCGGGGAATTGTGAGAGATCTCGCCACTAGACAACCCAAGTGATGTCGTTGAGGCTTATTGGACTACCTGGGGCTTTGTGACATACCTTTGCACTGATTCTCCCAGGTGATGTAACTCATCTAAGTTCTGCCTACGGAGCTTTGTGACATATCTCTGCACTGATTCACCCAGGTGTTTTAACTCTCCTCTATGCTCTGCCTACAGGGGCACGTACATATCTCACTGATACAAAGGTGATGTAACTCTTTTCTAGTCTCTGCCTACAGAGGGCGTTGTGACATGACTCTGCACGAATC
NC-060936,12,1,TCCATACAGACCTCAGGTTCAGGATGTAGGAGGGTACGTGAGGTCAAGTGAATTAAACGAATTACTGTGGAGAGCTGTTTGCACTCCACACTCTGCACTTTCTTCGAGGCGATCTTTCTTCAGGGGAGAAAGAAAAGCCCTTTTAGGACAGATAACTGGGCAATGTGGCTCTCACCCATGCCACAGCTTAGCGGTAAGATTATTTATGTGTCTTGCTGTTACAGCAGAAGTCAAACGGTCTCCTGAAATGCAGCTGGTGCCGCTCAGCAATGCATCGCCTTGTCAGGGTCCTGCAGCAACGGTGCTTACCTGTTACAGTCGTGATGGAAGCTTTGTTCAACCAGTAATTGATCCAGTCTCCCTCACGACCTGAACTCGCATTGGAGAGGAGTCGGGGATCCGACTCTGGATCTGAGCCTCTGCGGTCCGCCCTCTGTCCTCTGGTGCAACTTGCTTTAAGCATCCATGTGGTTAACTCCTTGGCGGTCACACCGATGTGGTTTTACCATGAGGGTGTTCATGCGTGGGGGGCTGAAGACTCATGTCCTTCTGTTCATGTTGGTGCTGCAGAGCTGGCTGAGGCACCACGGGTGGGGATGTGAGGAGGCCGTGCAGCCCAGGGGTGGCTCGTGAGTTTAAGCTCCCAGGTGTGCTTGCTGCGCAATGAGGGGCACCCACTGGGTGACATGTTGTCCACCTCTATCCAGGGTACTGCAGTCATTCTTCTTTCCACTTCCTTTTACCTTTTTGTCTATCCCTTCAATGTGGCAGGCACTCAAAAAAGTTAGCTACTAAAAATGCAAAAGGTGCCGTAAGAAGAAGGGCGCTTGTGGTAGAGAGGATTTAATCCAAGAAAGAGCGTTTTCTTACGGTTATTCTGTGGCAAGATTCTAAAACATGACTGAGGCACGTGGTCTTTGCCTTTCAGGAGTTTATATTCTAAGAGGAAAGTTTAATACACACAGTACTCTATTACAAGGCAGAACCATTTCGGAACTCTAAGACCCTGGGAACGTTGTGAACTTCTCTGAGTTTCAACTTCCTCATCTTAAAGGGGCCATGAAAATTCACCTTTCAAACGATTTATTATGAAGTTGCTTAAGATGGAATAAGAATGTTTTTTCTTTCAACTGATGTGTATCGCCATCCTTCGGAGTGGCCACTATGTTATTGGGAAGTAAGTACTTATTAATTGTTTGTATTTCACTGCTTAATAATATGAGACTACTAGGTATTTCTTTTGGCCTAGAGACTATGTGAAAGTTACCACAATGCTAAAGACAACATGAACCAAGTTCATTGACTGTAAGATGCCTTAAGTCTATACTTTACTCTAATTTCTTGGTCACGAAGACAAGAATAACAGTGCCAATTCCCTATAAATTAACCTTAGAGAGTACTTTCAAACATATGTGAGTTAGCCGCCAGCTCTCCTGGTCTGCACTTCCTTTCGTCTATCTGGAGGACTTGTCCATTCTCTTGCCTCCAGACATATTGTTTGGCCTTGGATATGGTTTGGTCTGCATCCCCCCATATTTCACACTGAATTGAGATTCCCAATGTTGGAGGTGACCTGGTGGGGTGATAAAATAATTGGGGTGGTTTAATCGTTTGGCACCATCCCTCTAGTGCTCGTGAGAGTTCTCACAAGATCTGATTGTTTGGAAGTGCGCAAAGG
CP068265,NA,1,GCACGACTCGCGTAAACTTGTATTCTGAAAAATGTAAGCGACAGGAGCTCCCCATTTGCACATAAAATATTATAAGTACATCAAATATAAATTATATACTGTCCATAAAATACCAAAGTCGACCAAAATAATATACTGTACATGAAATTCGTTCACAAAGATAGATTAATATACATTCTACATAAAATATTCAAAGTCCCCATGTTATTCTATACTGTACAAAAAATATCAAAGTACGCAAAGCACCTGTATTATATACTGTTAATAAAATATGAAAGTACATCAAATATCCATTTTATTCTGTACACAAAATATCAAAGTACCCATAACAATACATTATATACTGTACAAATATGAAAGTACATAATCTTATTAGGTCCGTAAAATATGAAGCATCAAAATATATTTGTACATAAAATATCAAAGTACACCAAATATATATTCTATAGTGCACATAAAATATCAAAGTACCCAAACTGAACGTTATATACCTGCATAAAATATGAAATTACATCAAATATATATTACATTAGGTATATAAAATATGAAAAGTGCATCAAATGAGATTATATACTTGTACAAAACATATCAGTACCCCAAATATATATCCTTACTGTATGATGAAATATCAAAGTACACAAGGTATAAATTCTATACTATACAATATCAAAGTACCCAAAACATGAATTATATACTCTTCTAAAATATGAAAGTACATAAAATATATATTTTATTCTGTACAAAATATCAAAGTGCACCAAATATATATTCATAGTGTACTTAAATACCCAAACCATACATTATATACTGTACATAAAATATGAAATTACATCAAATATAATGATATATTAGGTACATAAAATATGAAAGTACCCATCAAATATAGATTATACACTTACATAAAATACCAAAGACTCAAATATATATCATATACTAGTACATGAAATATCAAATTTCACAAACTATATATTATATACTGTACATAAAATATCAAATACCCAAGGTATATATTCTATACTATACAAAATATCAAAGTACCCAAACTATTAAAATTTGTTCAAAAGTACGTCAAATATATATGTTATGTAGAAATATCAAAGACACCAAATATATATTCTATAGTGTAACATAAAATTTCAAATTACCCAAACTATACATTATATACTGTACATAAAGCTGTTCAAATTACATCAAATAGAATATATTAGGTACATAAAATATGAAAGTACATCAAATATAAATTATATACTGTCATAAAATATCAAAAGTACCCCAATATATATTATATACTGTACATGAAATCATAACAAAGTTCATAAACTATATATTATATACTGTACATACAAATATCAAACACCAAGCTATATATTCTATACTGTACAAAAAATACAAAGTACCCAATACCATGTATTGCATATACTGTTTATAAAATATCGTACATCAAATATATATTTTATTCTGTACATAAAATATCAAAGTACACCAAATATATATTCTATAGTGTATATAAAATATCAAAGTACCAAACTATACATTTCTTACTGTACATAAAGTGATGTAATTACATTAAATATATATTATATTAGGTACATAAAATATCAGAAAGTACATCAAGTATAGATTATATACTGTACATATAATATCAAAGTACCCCAAATATATATGTTATGCTGTACATGCAATATCAAAGTCAAACTATATATTATAGACTGTACACTAAAATATCAAAGTACTGAAGGTATATATTCAATACTGTACAAAAAATATCAAAGTATCCAAAGCATGTATTATATTACTGTACATAAAATATGAAAGTACATCAAATATATATTTCATTCTAGACATAGAGCGAAATTCAAAGTACACCAAATATATATTCTATAGTGTACATAAAATATCAAAGTACCCAAAGCTATACATTATATACTGTACCTAAAATATGAAATTACATCAATGATGTATTATATTAGGTAAATAAAATATGAAAGTACAACAAATATATGATTATTTAATCATAAAATACCAAATAACCGGGCCGAAATAAATTTTATACTGTACATGCAATATCAAAGCTCAAAATATATATTATATACTGTACATAAAATACAAGTACAGAAGGGTATATATTCTATACTGGTACAAAAATCAAAGTACCCAAAGCATGTATTAAATACTGTACATAAAACTATCGAAAGTACATCAAATATATTTATCCTCGTCATATAAAACATCAAAGTACACAAATATATACTATAGTGTTAATTCAAATACCTACAGCTAGGACAAATGAGGGTGGTGTCCGTATATCTATCGAACAAGGTTGGCCCTAA
NC-060933,9,1,AAGGTTAGGCGTCTAGGAAAATGCTCTAAAGCAGGAAACATCAGTACACTGTGCATATTCTCCTCTACGGGTAAAAAAGAATTTATATTGAGTGAGTTTTTAAGGGTTGTCTCACAATTAAACCTTCATACTGTTAAATATCAAGGAACAAACTTTGAGACCCTTCACAATGTATGTTGACTTAAAGTTATTTTTAAAGAACTGTGACTTCACATAGGTGAATATGAACCATCAATGTTATTCATTAATTTTTTCACTATTCTCTTTATGAATTTTTGAGTTCCAGGAACCCTAAAAAATTAAGTTAATCATTGTGATATACTCACTGTAAAAAGCTTATTTTAAGTATCTTTTGTATTTTTTAAGTAAAAATATGTTAACACAAATCTGAAAAGTCATTATCCTAGCGAATTGATCGAACAGATAACCAAGGGAAAAACAGGTTGCTGTTGTCATTCTTCATTGCTAATTTTCTATCCAGCAGGTAGTTCCAAAAATAACCTGGAGGAGGACAGAAAAAGAACGCTAAAGCTAAAGGACGTATGTAAACCATGCTAGAAGAAAGAGATCTGGATGGATAGGTTACCGAACTCGGACAAAGTGAAAAGAATGTCTCGTTTTCCCTTTATGCCTTGCTAAGTGCATTACTGTCTGAATATGACTGGCAATTTTGTCATATCCATGAAACTCAAACTAAGTTATCAGAGTAATAATCTTTTGTTTAAAATTAGGGGTCTGGTTTCTTTCTCTAGTGCCCCTTCTTATTATCCCCTAATTACCCCGACAGGTTCTACACTGGGTCAGACTTCAGAGACTAACCAACTATTTAAAGGACGTCGGGCTTTAACACGTGTGCTGCGTGGAGAAAATAAGAAAGAGCTGAACACTGTTAGAGATTTTACCTGCCGTGATTTGAGTGGCCCGTTTGGTCTTGTTTCCTTTGCGGAGGACATTATATAAGTGATTACAAAGGAATAGCCGGATCTTCACTTTTGGGGGTGATGGACATGACCACAGTCTTCATTGTTGTGGTCATTTCACAGGTGCACTCTTCTGTCGGAACTTACCAAGCTATGCACTTTAAATATGTGCACTTTTGGACCTGTCGTCATGCAGGCATGACGAGGGCTTACCTCTTCCTTCTAGGTCACTTCTCACAATGTCCCCTCAGCACCTAACCATATACCCACCGCTTATCTTCTAGGTTACGTTATGTAAAGCATACGTATAATTTAAAAGCATAATGAAATGTTTATACTAATGATTGATAATTGTCCATACCCTTCCCTATTCCAATTTGATAATTCTTTATTCTAACTATTTCCTTTATTATACTGCTACAGTTATGTGCCTTCAGTCTCTTGCCTCAGCACCTGTGTATCCTTCACCCACACTTTCCAATCTGACTCTGGCATAACATTATGTGACAAAGAAGAAAATCAAAATATTTTACCCCAAAACAGGCCTTTCTTTACCATACTGTGTTCTCAGAACCGCCTGAGGGCTGTGTCATGGACCATGTCACTCATTTGGCTCAGAATAAATCTCTTTAACATTTTACAGAGTTTGACAATCTTCATTGACATCTGTATGTATCCACCCATTGGCTATACTCTGACTGCATCTATCCAGCAGTGTGCTGAAGCCAGCCCATACTGGTTGAACTGATTGTGCACATGTCTTCCAATTCCACATCGGGGACATCACCTAGTAGCTTAAAATCAGCCACAGGGAATATTTACACAATGGAAATTGATAAACTACAAAACAGTGAGTTTTATAGAGTTGTTTTATTTGAAGAGCCAGATGTTAAACACTGTCAGACCATTATTATCTGTGTGTGTATATGTGTATTTATATATGTATAAATATCTTCCAAACATAAATACGTGTGTGATTGTATATTTGTATGAACTTGTCTGTTTGAGGTTTATGGTGTGTGTACATGTTGGCCGTATATATATTCCGCCTTAAGTGAATGGTCTTCCAACTTAATTCTATGGTGTGTTAGTTCTCAATCATAAACTATACTGTACTGCTATTTAAGTGTTTTGACGCTTAAAGGACTCTTGATAGTGTAAAAACATAAACACAGTTTCCAAATTTTTGAAAATAATTATTATGTAGTGGACAAAATACAATAATGGCTATAAATATATATTTGGATTAAGTAAATCTCAGGTGACTATTATTAAATAAGTCATGTGCTCTGAGTGTGTACATTTCAGTAAGCTGCTTTCTATGAAATAAATAATAATTATAATGAAATATTTAAAAGAAAAATAAGAATTCCATTTAAAAGCTCAGCTTGCTAATCTTTCACTCTTCTTCACTTAAAGATTAAGGCGCCATGCTTCTCTAGTCTCCAGGCCCATGTGTCCCAGTAAGGGAGAGACAGATTTTTCCAATACACACAACCTAGTAGGGTCTGGAGCTGCTGTTGATCTCCTAGACTCCAGAGCCAATGATGCTTACATGCCTTTCTTTAATGACTTGTCAACACAAGTAATTGGCCCAAGCTCCAGTGACTCTCAACAATGGAAGAATGATATGGGAGGGAAGAACTTAAATCAAACTTTGAAGCTTAGTACCTGCCTTTAATCCGTTCTCTTCTTACACTGACAAGTCTATTGCAAGATTTTATACCTCAATTCTTATGTTTTAAATAACTCAGATAATAATAGATATACACGTCTATATAGTCCTTTAATGTGTTGGCCATTTAC
NC-060948,Y,1,ATCTAGAGAGAGAAAGAGAGAGAGAGAAGAAAGAGAGAAAGAGAGAGAGAAGAGAGAGAGGCAAGAGAGAGAGAGAGAGAAAAGAGAAAGAAAAGAGAGAAAAAGAGAGAGAGAGAGAAAGAGAAAGAGAGAAAGAGAGAAAGAGAGAGAAAAGGAGAGAGAGTAAAAGAGAGAGAAAAGAGAGGGAGAAAGAGAGCAGGAGAAATATAGAAAGAAAGAGAGACTGAAAGAGAGAAAGAGAAAGAGGGAGAGAGAGAGAGGGAGAGAAAGAGAGAAAGAGAGGAGAGAAAGAGAGAGGAAAGAGAAAGAGGAGAGAGAGAGACAAAGAGAGAGACTGAAGAGACAGAGAGACAAAGAGAGACAAAGAGAAAGAGGAGAAAGAGAAAGAGAGAGAGAAAGAGAAAGAAAAAGAGAGAAAGAGTGAGAGAGCACAGAAAGCTAGAGAAAGAGAAAGAGTGAGAAAGAGAGAAAGAAATCTAGCTTCAATTGGAAAAAAAAAGGATATACCAATTATTATTTTTTTTTCTTCCAGCTCCTAAACGTTGAAAACCTGAATTCCTTTCATGTTCACCTCTTTTGGTCCGTCTGTTTGAATTAATTCCATCTGTGTGGCTTATTTCCCGGAGTAAGAGAAGTTATTTCCATATTGAAATGCTTGAAGCGTATTATTTGGAAACTCCTATGCTGACTTTCCAGAAGCTATCGCAGAAGACAGCGTGTACTCACACTCACAGCTACGATTTATTTATTTATTTATTAAATATTTATTTATGTATTTATTTAGAGAGGGAGTCCTCGCTCTGTCCTCCAGGCTGGAGTGGAGTGGTGTGATCTCAGCTCACTGCACACTCCACCTCCCGGGTTCACACCATTCTCCTGCCTCAGCCCCCGAGTAGCTGGGACTACAGGCACCTGCCACTATGCCTGGCTAATTATGGTATTTTAGTAGAGATGGGGTTCACCCTATTAGCCAGGATGGTCTCGATCTCGACCGATCCGCCCGCCTC
CP068272,NA,1,AGGTAATATATAGAGATCTCAAGAGCATTTACTTTGGCACAGTCTCTGCCCCTTTGGTGGTCTGGCTAACAATAAAGCTAAGATTTGTTTTGTAATGACGGTTCCAGTTGGACTGGAATTCCTTTGAAGTTCCTGAATTGCTGTTGTGAGAGCTCAGATATTATTACTGCAATGAAACACTCTCTGTGTATTATAAAAATATCGTATACACTGAACTGTAACAACTTGCAGTAATCCGACTCTCTCCTTCGAGGTGGCCTGCGTGAGCCGAGAGCATCCACAGAGAGATGAGCTTCTCCCAACATCCATTTAGTGTTTACATCACGGGCCACTCATGGATCTGAACCTTCTTACAGAGGTCGATACCAACAGGTATGAGGAGGAAGAGAGCATCAGACGGATAGCTGGGGCTCATTGCCTGACCTGGCAGAGAGCGAGCACCATGCCAGTTCAGCTTCTACGGCTTGCATCAGATCTCCTAAATTATTTAAGGATGTTGTACCTCTAAATAAAATCCTAGTCTTTCCG
NC-060932,8,1,TGCTCACTGCCTGGGCTGCCCCTCACCTGGGTTCCCGGCCCTCACCCGGGCTCCCTGAGCGCTCACCTGGGCTGCCACTCAGCGGCTCCCTGCGCTTGGCGCCGCCCCGCCCCTGCAGGACTCTCCGGCAGTCACTGACCTCATTGCCGCCCAGTTACTGGCGGCCTAAATCACCGCCCGCGCACGCGCGTTCGCACGCGCGTGCGCACGCGTTCTGCCCCCCTGGGGGCCTCGCTACGAGAGGCTCCCCGCCTAGGCGCTACGACGGCGGCGGGCGCGGGAGGGCCGGGGAGGCGGGCGCGGGAGGGGCGCTCGGGGGGCGGGGCGCGGGGCGGGAGCGAGCGGGGCGCGCGGGGGGCGGGCGCGGCGGGGGGCGGGGCGCGGCGGGGGGGGGGCGCCGGGGGGCGGGGCGCGGCGGGGGGCCGGGGCGCGGCGGGGGGCGGGGCGCGGCGGGGGGCGAGTCGCGGCGGGGGGCGTGGCGAACCGATGGCGGGGGGCGGGGGGCGGCGGGGGGCGGGGCGCGGCGGGGGGTTGGGCGCGGCGGGGGGCGGGGGGCGGCGGGGGGCGGGGCGTCGCGGCGGGCGCTGGGGGGCGGCGGGGCGGCGCTGAACCACGGCCGGCGGGAGGGGCGGGGCCGGGCTGAACCATGGCGGGCGGCGGCATGGGGGCGTGGGGCCCCGGGCAGCCTGGTTGCGCTGCACCCGGGGCCGAGGGGACCTGAAAAGCTGCGGCAGAGCCTGACCGCGCCGTTCTCCAGAAGAGCCCCGGCCGCGGCTGAGTCGCGCTCCGGGTGTGGACGGAGCCGGAGCCTCCCCGGGGCTCGGTGAGGACACAGGGCAGCCCCGGGCTCAAGACATGACCCGAGCGCATCCCCGGCCCTTCTGCGCACCCTGAGTTTTAGTCTGAGGAGTTTTTCCGCAGTTTGCTATTGTTATTAGATTACTTATGTTTCTTTCTCTCTAAAGGTTGTTATTCGATGTATTACTTATGTTTCTTCTCTCTAATGTGTTTTGTTCCCTTTTAGAATCGACATCTAGAGGAGTACTCACCACTTAATTGATGATCAATACACGTTCCTTGAAAGAACCGATAGCATGCGAGATACAGAGCATCTGCACTGGGATTGTCCGCCCCGCCTGTCAGGGAGGCCTCGAGGGCTAATGGAGCTGAGGGTATAGTCGGCCTTGGACCCTCGCTTTTTTCCTTTCCTGTACTATGAAGATAGACTGCCTTATCTCCCCCTCAGCACTGTTTTGGATTAATAGGACGTTTAAATTACCAACGCTCAACTTGCTGAAATAAACATTTAAAATTATTATAACCCTTTAGTACGGGAAAACGTTGACATCATGTTCAAGTTTATTTTTCTGCTGGGCTCATTGAGGTTTGTTACCAAGCCTTGAGTCCCTAGATTGTGAAAGAACATGGGTAAATGTGTGTGGAGGGCTCCCTGGAGGCCAGACAACTGCTCAAGCTTCATGATGTTAGGGGAACAGGAAAGGAGAGCCAGGGTGACATCGTTTTAAAATCAATTCAACCCATCTTGGCGGGCGCGGTGGCTCAAGCCTGTAATCCCAGCAGTTTGGAGAGAAAAAAATTAGCCGGGTGTGGGGTGGGCACCTGTAATCTAGTCGAAAGAT
CP068276,NA,1,AGCCGTGACATCTCCTATTCTGTGCAACCTCCATAAATTCAACCAAATGTATGCACCTCAAACCCCCACCACTCTGTGCAACCTCCCCAAACACTCTGTGTAATCTCCCCAAAGCCCCCGGGGCAGTCTGTGCAACCTCCCCAATCCCCCCGGTGTGCAACCTCATTT
